   33414035,achromobacter_xylosoxidans__000.agc
   59224872,acinetobacter_baumannii__000.agc
   37228410,acinetobacter_baumannii__001.agc
   39611015,acinetobacter_baumannii__002.agc
   38020161,acinetobacter_baumannii__003.agc
   76854891,acinetobacter_baumannii__004.agc
   93674998,acinetobacter_baumannii__005.agc
  155591686,acinetobacter_baumannii__006.agc
    8117461,acinetobacter_baumannii__007.agc
   28359734,acinetobacter_nosocomialis__000.agc
   51169593,acinetobacter_pittii__000.agc
    4962953,actinobacillus_lignieresii__000.agc
   77845938,aeromonas_caviae__000.agc
   26505556,aeromonas_salmonicida__000.agc
   76383426,aeromonas_veronii__000.agc
    7257232,alistipes_onderdonkii__000.agc
   62534061,bacillusa_anthracis__000.agc
   51030386,bacillusa_bombysepticus__000.agc
   42596621,bacillusa_cereus__000.agc
   54825325,bacillusa_paranthracis__000.agc
   56139195,bacillus_subtilis__000.agc
   29236304,bacteroides_caccae__000.agc
   46579496,bacteroides_fragilis__000.agc
   55843676,bacteroides_ovatus__000.agc
   55429087,bacteroides_thetaiotaomicron__000.agc
   72290110,bacteroides_uniformis__000.agc
   44544822,bacteroides_xylanisolvens__000.agc
    6403743,bartonella_krasnovii__000.agc
   36663285,bifidobacterium_adolescentis__000.agc
    3821281,bifidobacterium_animalis__000.agc
   40442969,bifidobacterium_longum__000.agc
   16223450,bifidobacterium_pseudocatenulatum__000.agc
   51930455,bordetella_pertussis__000.agc
   34272496,bordetella_pertussis__001.agc
   28897165,borreliella_burgdorferi__000.agc
   20970380,brucella_melitensis__000.agc
   31090909,burkholderia_cenocepacia__000.agc
   38648745,burkholderia_cepacia__000.agc
   13622370,burkholderia_dolosa__000.agc
   40745955,burkholderia_gladioli__000.agc
  137986103,burkholderia_mallei__000.agc
   45583432,burkholderia_mallei__001.agc
   56575997,burkholderia_multivorans__000.agc
   53790539,burkholderia_ubonensis__000.agc
   34388942,campylobacterd_coli__000.agc
   30457270,campylobacterd_coli__001.agc
   32710105,campylobacterd_coli__002.agc
   36874940,campylobacterd_coli__003.agc
   24804094,campylobacterd_coli__004.agc
   19217146,campylobacterd_coli__005.agc
   20658880,campylobacterd_coli__006.agc
   17393544,campylobacterd_coli__007.agc
    6792981,campylobacterd_coli__008.agc
   16208319,campylobacterd_colia__000.agc
   20694317,campylobacterd_jejuni__000.agc
   19995154,campylobacterd_jejuni__001.agc
   19734591,campylobacterd_jejuni__002.agc
   18739162,campylobacterd_jejuni__003.agc
   17108768,campylobacterd_jejuni__004.agc
   16522475,campylobacterd_jejuni__005.agc
   22813711,campylobacterd_jejuni__006.agc
   21150992,campylobacterd_jejuni__007.agc
   18390690,campylobacterd_jejuni__008.agc
   18303156,campylobacterd_jejuni__009.agc
   39446649,campylobacterd_jejuni__010.agc
   28098036,campylobacterd_jejuni__011.agc
   26303146,campylobacterd_jejuni__012.agc
   47434414,campylobacterd_jejuni__013.agc
   20057322,campylobacterd_jejuni__014.agc
   21974878,campylobacterd_jejuni__015.agc
   24179752,campylobacterd_jejuni__016.agc
   21102682,campylobacterd_jejuni__017.agc
   23372973,campylobacterd_jejuni__018.agc
   21896237,campylobacterd_jejuni__019.agc
   23208848,campylobacterd_jejuni__020.agc
   27228475,campylobacterd_jejuni__021.agc
   25043958,campylobacterd_jejuni__022.agc
   14995618,campylobacterd_jejuni__023.agc
    5548280,campylobacterd_lari__000.agc
   18316777,campylobacterd_upsaliensis__000.agc
    4206612,campylobacter_fetus__000.agc
   13339203,caulobacter_vibrioides__000.agc
   43519118,chlamydia_trachomatis__000.agc
    9909087,citrobactera_rodentium__000.agc
   14270257,citrobacterb_koseri__000.agc
   34466436,citrobacter_braakii__000.agc
  100662221,citrobacter_freundii__000.agc
   46358401,citrobacter_portucalensis__000.agc
   28829295,citrobacter_werkmanii__000.agc
   47761726,clostridioides_difficile__000.agc
   54421481,clostridioides_difficile__001.agc
   49425839,clostridioides_difficile__002.agc
   55111163,clostridioides_difficile__003.agc
   49123253,clostridioides_difficile__004.agc
   50735778,clostridioides_difficile__005.agc
   44627483,clostridioides_difficile__006.agc
   18034444,clostridioides_difficile__007.agc
   14899081,clostridium_botulinuma__000.agc
   24480072,clostridiumf_botulinum__000.agc
   28060350,corynebacterium_diphtheriae__000.agc
   12168711,corynebacterium_striatum__000.agc
   48547069,cronobacter_sakazakii__000.agc
   29815977,cutibacterium_acnes__000.agc
 2082096253,dustbin__000.agc
 2428550157,dustbin__001.agc
 1912839936,dustbin__002.agc
 1223278265,dustbin__003.agc
 1308993276,dustbin__004.agc
  740553824,dustbin__005.agc
 1177327908,dustbin__006.agc
 1057768471,dustbin__007.agc
  945834983,dustbin__008.agc
 1025897598,dustbin__009.agc
 1319189999,dustbin__010.agc
 1796058247,dustbin__011.agc
  956317163,dustbin__012.agc
  691514333,dustbin__013.agc
  708960259,dustbin__014.agc
  913688866,dustbin__015.agc
  995894365,dustbin__016.agc
 1639379685,dustbin__017.agc
 2308649413,dustbin__018.agc
 1526726656,dustbin__019.agc
 1805433624,dustbin__020.agc
  309136346,dustbin__021.agc
   20729434,elizabethkingia_anophelis__000.agc
   27867782,enterobacter_asburiaeb__000.agc
   22034567,enterobacter_bugandensis__000.agc
   46021588,enterobacter_cloacae__000.agc
   30263283,enterobacter_cloacaem__000.agc
  108381926,enterobacter_hormaecheia__000.agc
  115631357,enterobacter_hormaecheia__001.agc
   17259300,enterobacter_hormaecheia__002.agc
   54324904,enterobacter_kobei__000.agc
   22077654,enterobacter_ludwigii__000.agc
   79688779,enterobacter_roggenkampii__000.agc
   21583921,enterococcusb_durans__000.agc
   69696701,enterococcusb_faecium__000.agc
   51242821,enterococcusb_faecium__001.agc
   45193082,enterococcusb_faecium__002.agc
   52449110,enterococcusb_faecium__003.agc
   49088461,enterococcusb_faecium__004.agc
   78249680,enterococcusb_faecium__005.agc
   42202725,enterococcusb_faecium__006.agc
   41403937,enterococcusb_faecium__007.agc
   39284697,enterococcusb_faecium__008.agc
    5797981,enterococcusb_faecium__009.agc
   25498781,enterococcusb_hirae__000.agc
   41990954,enterococcusb_lactis__000.agc
   12588305,enterococcusd_gallinarum__000.agc
   56479453,enterococcus_faecalis__000.agc
   87292442,enterococcus_faecalis__001.agc
   35927948,enterococcus_faecalis__002.agc
    8258179,erysipelothrix_rhusiopathiae__000.agc
   36177329,escherichia_albertii__000.agc
  116876502,escherichia_coli__000.agc
   50382818,escherichia_coli__001.agc
   25311079,escherichia_coli__002.agc
   50323950,escherichia_coli__003.agc
  150974245,escherichia_coli__004.agc
  137821802,escherichia_coli__005.agc
  169717926,escherichia_coli__006.agc
  112372519,escherichia_coli__007.agc
  103370992,escherichia_coli__008.agc
  146158435,escherichia_coli__009.agc
  154488622,escherichia_coli__010.agc
  175470593,escherichia_coli__011.agc
  167131266,escherichia_coli__012.agc
  164869387,escherichia_coli__013.agc
   89675056,escherichia_coli__014.agc
  165383650,escherichia_coli__015.agc
  151526963,escherichia_coli__016.agc
  153667897,escherichia_coli__017.agc
  187544948,escherichia_coli__018.agc
  117577526,escherichia_coli__019.agc
  120950889,escherichia_coli__020.agc
   68270715,escherichia_coli__021.agc
   51583721,escherichia_coli__022.agc
   56697674,escherichia_coli__023.agc
   54713979,escherichia_coli__024.agc
   71742043,escherichia_coli__025.agc
   67980484,escherichia_coli__026.agc
   65876782,escherichia_coli__027.agc
   68349790,escherichia_coli__028.agc
  146123355,escherichia_coli__029.agc
  167366510,escherichia_coli__030.agc
  138479349,escherichia_coli__031.agc
  126213810,escherichia_coli__032.agc
  110898188,escherichia_coli__033.agc
  144779009,escherichia_coli__034.agc
  156250601,escherichia_coli__035.agc
  161627482,escherichia_coli__036.agc
  111556390,escherichia_coli__037.agc
  121615044,escherichia_coli__038.agc
  130975570,escherichia_coli__039.agc
  140409051,escherichia_coli__040.agc
  138022330,escherichia_coli__041.agc
  162317564,escherichia_coli__042.agc
   87395335,escherichia_coli__043.agc
   86893678,escherichia_coli__044.agc
   64788053,escherichia_coli__045.agc
   62708333,escherichia_coli__046.agc
   74742235,escherichia_coli__047.agc
   75304224,escherichia_coli__048.agc
  119022019,escherichia_coli__049.agc
   79940894,escherichia_coli__050.agc
  121168535,escherichia_coli__051.agc
   91134006,escherichia_coli__052.agc
   92423960,escherichia_coli__053.agc
   98975858,escherichia_coli__054.agc
  103670867,escherichia_coli__055.agc
   68702601,escherichia_coli__056.agc
   79259662,escherichia_coli__057.agc
   66201442,escherichia_coli__058.agc
  115288702,escherichia_coli__059.agc
  106917144,escherichia_coli__060.agc
   94853366,escherichia_coli__061.agc
  126776994,escherichia_coli__062.agc
  139687197,escherichia_coli__063.agc
  134001757,escherichia_coli__064.agc
  110079358,escherichia_coli__065.agc
  136636284,escherichia_coli__066.agc
  126306153,escherichia_coli__067.agc
  125552985,escherichia_coli__068.agc
  147735091,escherichia_coli__069.agc
  121077839,escherichia_coli__070.agc
  127651574,escherichia_coli__071.agc
  119808727,escherichia_coli__072.agc
  117444068,escherichia_coli__073.agc
  143536132,escherichia_coli__074.agc
   90374735,escherichia_coli__075.agc
   75140429,escherichia_coli__076.agc
   85373068,escherichia_coli__077.agc
   93652581,escherichia_coli__078.agc
   78483670,escherichia_coli__079.agc
  107387065,escherichia_coli__080.agc
   94214367,escherichia_coli__081.agc
  108386718,escherichia_coli__082.agc
   82772862,escherichia_coli__083.agc
   98479711,escherichia_coli__084.agc
   95214724,escherichia_coli__085.agc
  141281419,escherichia_coli__086.agc
   81650678,escherichia_coli__087.agc
   63307673,escherichia_coli__088.agc
   57737983,escherichia_coli__089.agc
   63508668,escherichia_coli__090.agc
   61128909,escherichia_coli__091.agc
   64974325,escherichia_coli__092.agc
   69077088,escherichia_coli__093.agc
   60460915,escherichia_coli__094.agc
   54588456,escherichia_coli__095.agc
   57355054,escherichia_coli__096.agc
   57367786,escherichia_coli__097.agc
   61995315,escherichia_coli__098.agc
   61608312,escherichia_coli__099.agc
   19061431,escherichia_fergusonii__000.agc
   30945770,escherichia_marmotae__000.agc
    6572815,francisella_tularensis__000.agc
    8722073,fusobacteriumc_necrophorum__000.agc
   17872108,glaesserella_parasuis__000.agc
   47147399,haemophilus_influenzae__000.agc
   22834977,haemophilus_influenzae__001.agc
   15941835,haemophilus_influenzaed__000.agc
   26950072,haemophilus_influenzaee__000.agc
    8271540,haemophilus_influenzaeg__000.agc
   36075923,helicobacter_pylori__000.agc
   22166121,helicobacter_pyloric__000.agc
    4726401,hungateiclostridium_thermocellum__000.agc
   83062166,klebsiella_aerogenes__000.agc
   47384379,klebsiella_grimontii__000.agc
  107044440,klebsiella_michiganensis__000.agc
   48750724,klebsiella_ornithinolytica__000.agc
   56605886,klebsiella_oxytoca__000.agc
   18663521,klebsiella_planticola__000.agc
   64656104,klebsiella_pneumoniae__000.agc
   40130174,klebsiella_pneumoniae__001.agc
   48907149,klebsiella_pneumoniae__002.agc
   57826097,klebsiella_pneumoniae__003.agc
   70622981,klebsiella_pneumoniae__004.agc
   81560223,klebsiella_pneumoniae__005.agc
  107080115,klebsiella_pneumoniae__006.agc
  117558363,klebsiella_pneumoniae__007.agc
  109673875,klebsiella_pneumoniae__008.agc
  138317468,klebsiella_pneumoniae__009.agc
  106650508,klebsiella_pneumoniae__010.agc
   97411933,klebsiella_pneumoniae__011.agc
  123537674,klebsiella_pneumoniae__012.agc
   77506799,klebsiella_pneumoniae__013.agc
  113712299,klebsiella_pneumoniae__014.agc
  125736829,klebsiella_pneumoniae__015.agc
   92047476,klebsiella_pneumoniae__016.agc
   76047621,klebsiella_pneumoniae__017.agc
   21735221,klebsiella_pneumoniae__018.agc
  170538823,klebsiella_quasipneumoniae__000.agc
  148962680,klebsiella_variicola__000.agc
   23990231,lacticaseibacillus_paracasei__000.agc
   12678460,lacticaseibacillus_rhamnosus__000.agc
   25390640,lactiplantibacillus_plantarum__000.agc
    8058568,lactobacillus_johnsonii__000.agc
   10076217,lactococcus_lactis__000.agc
   17191540,legionella_fraseri__000.agc
   37997649,legionella_pneumophila__000.agc
   44075800,legionella_pneumophila__001.agc
   25405524,leptospira_interrogans__000.agc
   23918447,limosilactobacillus_fermentum__000.agc
   22201030,listeria_innocua__000.agc
   17204804,listeria_monocytogenes__000.agc
   19826024,listeria_monocytogenes__001.agc
   18266031,listeria_monocytogenes__002.agc
   25999399,listeria_monocytogenes__003.agc
   22379971,listeria_monocytogenes__004.agc
   15049399,listeria_monocytogenes__005.agc
   16992669,listeria_monocytogenes__006.agc
   15210435,listeria_monocytogenes__007.agc
    2281293,listeria_monocytogenes__008.agc
   40066907,listeria_monocytogenesb__000.agc
   18581478,listeria_monocytogenesb__001.agc
   16417844,listeria_monocytogenesb__002.agc
   14421912,listeria_monocytogenesb__003.agc
   16467860,listeria_monocytogenesb__004.agc
   12911850,listeria_monocytogenesb__005.agc
   11376168,listeria_monocytogenesb__006.agc
   20718539,listeria_monocytogenesb__007.agc
    8927509,listeria_monocytogenesb__008.agc
   10368330,listeria_seeligeri__000.agc
   11317926,listeria_welshimeri__000.agc
   20691458,mammaliicoccus_sciuri__000.agc
   23711221,mannheimia_haemolytica__000.agc
   23184017,micrococcus_luteus__000.agc
    8852763,moraxella_bovoculi__000.agc
   30893640,moraxella_catarrhalis__000.agc
   24631065,morganella_morganii__000.agc
   76676468,mycobacterium_abscessus__000.agc
   52500212,mycobacterium_abscessus__001.agc
   93808030,mycobacterium_avium__000.agc
   80544253,mycobacterium_intracellulare__000.agc
   23501862,mycobacterium_kansasii__000.agc
   31256052,mycobacterium_marinum__000.agc
   15297253,mycobacterium_smegmatis__000.agc
  120507734,mycobacterium_tuberculosis__000.agc
   64578437,mycobacterium_tuberculosis__001.agc
   21813100,mycobacterium_tuberculosis__002.agc
   40139978,mycobacterium_tuberculosis__003.agc
   32550409,mycobacterium_tuberculosis__004.agc
   44231396,mycobacterium_tuberculosis__005.agc
   40537391,mycobacterium_tuberculosis__006.agc
   29852837,mycobacterium_tuberculosis__007.agc
   29862393,mycobacterium_tuberculosis__008.agc
   35605119,mycobacterium_tuberculosis__009.agc
   44095866,mycobacterium_tuberculosis__010.agc
   39865191,mycobacterium_tuberculosis__011.agc
   37154718,mycobacterium_tuberculosis__012.agc
   90632855,mycobacterium_tuberculosis__013.agc
   49980789,mycobacterium_tuberculosis__014.agc
   50302062,mycobacterium_tuberculosis__015.agc
   35734881,mycobacterium_tuberculosis__016.agc
   70592138,mycobacterium_tuberculosis__017.agc
   62632429,mycobacterium_tuberculosis__018.agc
   55730539,mycobacterium_tuberculosis__019.agc
   52526651,mycobacterium_tuberculosis__020.agc
   55762991,mycobacterium_tuberculosis__021.agc
   47907106,mycobacterium_tuberculosis__022.agc
   45564561,mycobacterium_tuberculosis__023.agc
   57646189,mycobacterium_tuberculosis__024.agc
   46191596,mycobacterium_tuberculosis__025.agc
   28432800,mycobacterium_tuberculosis__026.agc
   37000218,mycobacterium_tuberculosis__027.agc
  152216574,mycobacterium_tuberculosis__028.agc
   60961956,mycobacterium_tuberculosis__029.agc
   42245595,mycobacterium_tuberculosis__030.agc
   56252816,mycobacterium_tuberculosis__031.agc
   41427043,mycobacterium_tuberculosis__032.agc
   36633485,mycobacterium_tuberculosis__033.agc
   37659918,mycobacterium_tuberculosis__034.agc
  149773222,mycobacterium_tuberculosis__035.agc
   33134082,mycobacterium_tuberculosis__036.agc
   42518398,mycobacterium_tuberculosis__037.agc
   39576574,mycobacterium_tuberculosis__038.agc
   52105874,mycobacterium_tuberculosis__039.agc
   53459603,mycobacterium_tuberculosis__040.agc
   51391306,mycobacterium_tuberculosis__041.agc
   40616689,mycobacterium_tuberculosis__042.agc
   33535226,mycobacterium_tuberculosis__043.agc
   40799257,mycobacterium_tuberculosis__044.agc
    2101057,mycobacterium_tuberculosis__045.agc
    1487736,mycoplasmoides_pneumoniae__000.agc
   11800169,mycoplasmopsis_bovis__000.agc
   31059024,neisseria_gonorrhoeae__000.agc
   27144675,neisseria_gonorrhoeae__001.agc
   29814219,neisseria_gonorrhoeae__002.agc
   25788131,neisseria_gonorrhoeae__003.agc
   24861927,neisseria_gonorrhoeae__004.agc
   24306417,neisseria_gonorrhoeae__005.agc
   26082493,neisseria_gonorrhoeae__006.agc
   24178486,neisseria_gonorrhoeae__007.agc
   22878573,neisseria_gonorrhoeae__008.agc
   22504807,neisseria_gonorrhoeae__009.agc
   22643946,neisseria_gonorrhoeae__010.agc
   23364382,neisseria_gonorrhoeae__011.agc
   20178259,neisseria_gonorrhoeae__012.agc
   19965764,neisseria_gonorrhoeae__013.agc
    8000003,neisseria_gonorrhoeae__014.agc
   24032392,neisseria_lactamica__000.agc
   47359719,neisseria_meningitidis__000.agc
   49209645,neisseria_meningitidis__001.agc
   42038471,neisseria_meningitidis__002.agc
   59309659,neisseria_meningitidis__003.agc
   43257402,neisseria_meningitidis__004.agc
   31671672,neisseria_meningitidis__005.agc
   27402106,neisseria_meningitidis__006.agc
   34973777,neisseria_meningitidis__007.agc
   20861973,neisseria_meningitidis__008.agc
   23320382,paenibacillush_larvae__000.agc
   54386127,parabacteroides_distasonis__000.agc
   29868013,parabacteroides_merdae__000.agc
   16959339,pasteurella_multocida__000.agc
   24407926,phocaeicola_dorei__000.agc
   67745140,phocaeicola_vulgatus__000.agc
   63733415,proteus_mirabilis__000.agc
  107737865,pseudomonas_aeruginosa__000.agc
   56072525,pseudomonas_aeruginosa__001.agc
   70076818,pseudomonas_aeruginosa__002.agc
  103618704,pseudomonas_aeruginosa__003.agc
   89709824,pseudomonas_aeruginosa__004.agc
   87903546,pseudomonas_aeruginosa__005.agc
   43420756,pseudomonas_aeruginosa__006.agc
  120909887,pseudomonas_aeruginosa__007.agc
   87774193,pseudomonas_aeruginosa__008.agc
   97527949,pseudomonas_aeruginosa__009.agc
   73447027,pseudomonas_aeruginosa__010.agc
   43473238,pseudomonase_alloputida__000.agc
   29843222,pseudomonase_avellanae__000.agc
    8196481,pseudomonase_glycinae__000.agc
   10008791,pseudomonase_marginalis__000.agc
   13382561,pseudomonase_paracarnis__000.agc
   24059317,ralstonia_pseudosolanacearum__000.agc
   23678027,ralstonia_solanacearum__000.agc
   29477856,salmonella_arizonae__000.agc
  112692472,salmonella_diarizonae__000.agc
   13423371,salmonella_diarizonae__001.agc
   42330900,salmonella_enterica__000.agc
   18588924,salmonella_enterica__001.agc
   37748766,salmonella_enterica__002.agc
   18889776,salmonella_enterica__003.agc
   13614174,salmonella_enterica__004.agc
   17911574,salmonella_enterica__005.agc
   14685049,salmonella_enterica__006.agc
   12567967,salmonella_enterica__007.agc
   14898057,salmonella_enterica__008.agc
   20674960,salmonella_enterica__009.agc
   16922021,salmonella_enterica__010.agc
   24091178,salmonella_enterica__011.agc
   35393219,salmonella_enterica__012.agc
   14213993,salmonella_enterica__013.agc
    9802583,salmonella_enterica__014.agc
    7216100,salmonella_enterica__015.agc
    7260614,salmonella_enterica__016.agc
    7237219,salmonella_enterica__017.agc
    7171624,salmonella_enterica__018.agc
   16722155,salmonella_enterica__019.agc
   12027145,salmonella_enterica__020.agc
   16640519,salmonella_enterica__021.agc
    7383226,salmonella_enterica__022.agc
    7399755,salmonella_enterica__023.agc
   13988925,salmonella_enterica__024.agc
    9753157,salmonella_enterica__025.agc
   13119408,salmonella_enterica__026.agc
   21363577,salmonella_enterica__027.agc
    8625461,salmonella_enterica__028.agc
   14610510,salmonella_enterica__029.agc
   13729015,salmonella_enterica__030.agc
   33329222,salmonella_enterica__031.agc
   31158012,salmonella_enterica__032.agc
   38010387,salmonella_enterica__033.agc
   45116401,salmonella_enterica__034.agc
   50248686,salmonella_enterica__035.agc
   18174892,salmonella_enterica__036.agc
   20790213,salmonella_enterica__037.agc
   23924540,salmonella_enterica__038.agc
   29505173,salmonella_enterica__039.agc
   23247639,salmonella_enterica__040.agc
   25387212,salmonella_enterica__041.agc
   29654540,salmonella_enterica__042.agc
   30919059,salmonella_enterica__043.agc
   24366039,salmonella_enterica__044.agc
   40822935,salmonella_enterica__045.agc
   37816878,salmonella_enterica__046.agc
   23516782,salmonella_enterica__047.agc
   30854399,salmonella_enterica__048.agc
   27284014,salmonella_enterica__049.agc
   24014477,salmonella_enterica__050.agc
   31326081,salmonella_enterica__051.agc
   25521965,salmonella_enterica__052.agc
   21830857,salmonella_enterica__053.agc
   21635420,salmonella_enterica__054.agc
   21650416,salmonella_enterica__055.agc
   26516601,salmonella_enterica__056.agc
   20379743,salmonella_enterica__057.agc
   21230909,salmonella_enterica__058.agc
   17728569,salmonella_enterica__059.agc
   28795408,salmonella_enterica__060.agc
   39895724,salmonella_enterica__061.agc
   57130751,salmonella_enterica__062.agc
   31217427,salmonella_enterica__063.agc
   20776921,salmonella_enterica__064.agc
   44588396,salmonella_enterica__065.agc
   18715734,salmonella_enterica__066.agc
   25639116,salmonella_enterica__067.agc
   41631212,salmonella_enterica__068.agc
   51412840,salmonella_enterica__069.agc
   44680762,salmonella_enterica__070.agc
   36349853,salmonella_enterica__071.agc
   15829192,salmonella_enterica__072.agc
   48845687,salmonella_enterica__073.agc
   27922315,salmonella_enterica__074.agc
   43829346,salmonella_enterica__075.agc
   33080996,salmonella_enterica__076.agc
   29946186,salmonella_enterica__077.agc
   37262441,salmonella_enterica__078.agc
   45306181,salmonella_enterica__079.agc
   25360099,salmonella_enterica__080.agc
   26637388,salmonella_enterica__081.agc
   22855295,salmonella_enterica__082.agc
   20346000,salmonella_enterica__083.agc
   30962739,salmonella_enterica__084.agc
   29571890,salmonella_enterica__085.agc
   31265555,salmonella_enterica__086.agc
   22029403,salmonella_enterica__087.agc
   26379848,salmonella_enterica__088.agc
   23296779,salmonella_enterica__089.agc
   21372648,salmonella_enterica__090.agc
   24377298,salmonella_enterica__091.agc
   24614293,salmonella_enterica__092.agc
   25007758,salmonella_enterica__093.agc
   31111676,salmonella_enterica__094.agc
   27267421,salmonella_enterica__095.agc
   22617694,salmonella_enterica__096.agc
   25696657,salmonella_enterica__097.agc
   26276086,salmonella_enterica__098.agc
   21178287,salmonella_enterica__099.agc
   20693820,salmonella_enterica__100.agc
   39070720,salmonella_enterica__101.agc
   34394056,salmonella_enterica__102.agc
   16733851,salmonella_enterica__103.agc
   22576267,salmonella_enterica__104.agc
   27309648,salmonella_enterica__105.agc
   33875407,salmonella_enterica__106.agc
   37058989,salmonella_enterica__107.agc
   56662534,salmonella_enterica__108.agc
   97127761,salmonella_enterica__109.agc
   20373092,salmonella_enterica__110.agc
   44095010,salmonella_enterica__111.agc
   41499742,salmonella_enterica__112.agc
   17124588,salmonella_enterica__113.agc
   23941903,salmonella_enterica__114.agc
   24638269,salmonella_enterica__115.agc
   14973053,salmonella_enterica__116.agc
   14601331,salmonella_enterica__117.agc
   13566193,salmonella_enterica__118.agc
   10646176,salmonella_enterica__119.agc
   43691560,salmonella_enterica__120.agc
   45662109,salmonella_enterica__121.agc
   47595439,salmonella_enterica__122.agc
   37261469,salmonella_enterica__123.agc
   34938959,salmonella_enterica__124.agc
   64856818,salmonella_enterica__125.agc
   59309433,salmonella_enterica__126.agc
   36443726,salmonella_enterica__127.agc
   36641821,salmonella_enterica__128.agc
   50410590,salmonella_enterica__129.agc
   46922576,salmonella_enterica__130.agc
   56103292,salmonella_enterica__131.agc
   49736538,salmonella_enterica__132.agc
   25839691,salmonella_enterica__133.agc
   20490226,salmonella_enterica__134.agc
   40540236,salmonella_enterica__135.agc
   54198926,salmonella_enterica__136.agc
   34962956,salmonella_enterica__137.agc
   62764814,salmonella_enterica__138.agc
   27115365,salmonella_enterica__139.agc
   20754866,salmonella_enterica__140.agc
   38911656,salmonella_enterica__141.agc
   32378255,salmonella_enterica__142.agc
   23566926,salmonella_enterica__143.agc
   46911958,salmonella_enterica__144.agc
   34404312,salmonella_enterica__145.agc
   18198994,salmonella_enterica__146.agc
   19451838,salmonella_enterica__147.agc
   20087106,salmonella_enterica__148.agc
   40946184,salmonella_enterica__149.agc
   49136129,salmonella_enterica__150.agc
   32625575,salmonella_enterica__151.agc
   37236983,salmonella_enterica__152.agc
   38084515,salmonella_enterica__153.agc
   67352338,salmonella_enterica__154.agc
   51879106,salmonella_enterica__155.agc
   56403765,salmonella_enterica__156.agc
   55048609,salmonella_enterica__157.agc
   60286771,salmonella_enterica__158.agc
   55393705,salmonella_enterica__159.agc
   57652522,salmonella_enterica__160.agc
    6473987,salmonella_enterica__161.agc
   64826712,salmonella_houtenae__000.agc
    5200296,salmonella_houtenae__001.agc
   50487182,sarcina_perfringens__000.agc
   40671803,serratia_marcescensk__000.agc
   58176998,serratia_nevei__000.agc
   23219209,serratia_ureilytica__000.agc
   51787242,sinorhizobium_meliloti__000.agc
    8474225,staphylococcus_argenteus__000.agc
   43272994,staphylococcus_aureus__000.agc
   22946754,staphylococcus_aureus__001.agc
   32681395,staphylococcus_aureus__002.agc
   31530611,staphylococcus_aureus__003.agc
   32302294,staphylococcus_aureus__004.agc
   38679008,staphylococcus_aureus__005.agc
   30912826,staphylococcus_aureus__006.agc
   27619621,staphylococcus_aureus__007.agc
   27251112,staphylococcus_aureus__008.agc
   33158573,staphylococcus_aureus__009.agc
   24344163,staphylococcus_aureus__010.agc
   16765117,staphylococcus_aureus__011.agc
   26695995,staphylococcus_aureus__012.agc
   33956082,staphylococcus_aureus__013.agc
   29653176,staphylococcus_aureus__014.agc
   35379554,staphylococcus_aureus__015.agc
   29478722,staphylococcus_aureus__016.agc
   40519123,staphylococcus_aureus__017.agc
   32650369,staphylococcus_aureus__018.agc
   26989082,staphylococcus_aureus__019.agc
   25408890,staphylococcus_aureus__020.agc
   27734913,staphylococcus_aureus__021.agc
   32145343,staphylococcus_aureus__022.agc
   26576086,staphylococcus_aureus__023.agc
   22575143,staphylococcus_aureus__024.agc
   28877011,staphylococcus_aureus__025.agc
   30403429,staphylococcus_aureus__026.agc
   31369124,staphylococcus_aureus__027.agc
   35713708,staphylococcus_aureus__028.agc
   25692952,staphylococcus_aureus__029.agc
   11583321,staphylococcus_aureus__030.agc
   12083055,staphylococcus_capitis__000.agc
    9456085,staphylococcus_chromogenes__000.agc
   81303466,staphylococcus_epidermidis__000.agc
   33226218,staphylococcus_epidermidis__001.agc
   27772731,staphylococcus_haemolyticus__000.agc
   18821805,staphylococcus_hominis__000.agc
   42403430,staphylococcus_pseudintermedius__000.agc
   21270456,staphylococcus_pseudintermedius__001.agc
   20742065,staphylococcus_saprophyticus__000.agc
    8462434,staphylococcus_simulans__000.agc
   10367831,staphylococcus_xylosus__000.agc
   61844964,stenotrophomonas_maltophilia__000.agc
   19428978,stenotrophomonas_maltophiliaf__000.agc
   33262280,streptococcus_agalactiae__000.agc
   17775154,streptococcus_agalactiae__001.agc
   18188321,streptococcus_agalactiae__002.agc
   13511952,streptococcus_agalactiae__003.agc
   21249810,streptococcus_agalactiae__004.agc
   18282444,streptococcus_agalactiae__005.agc
   21884412,streptococcus_agalactiae__006.agc
   19180943,streptococcus_agalactiae__007.agc
   19180884,streptococcus_agalactiae__008.agc
    7535223,streptococcus_agalactiae__009.agc
   26386876,streptococcus_dysgalactiae__000.agc
   28533864,streptococcus_equi__000.agc
    9180254,streptococcus_mutans__000.agc
   19745637,streptococcus_pneumoniae__000.agc
   19624412,streptococcus_pneumoniae__001.agc
   26632851,streptococcus_pneumoniae__002.agc
   41787410,streptococcus_pneumoniae__003.agc
   37889698,streptococcus_pneumoniae__004.agc
   28955666,streptococcus_pneumoniae__005.agc
   19407566,streptococcus_pneumoniae__006.agc
   38626641,streptococcus_pneumoniae__007.agc
   40817254,streptococcus_pneumoniae__008.agc
   40977965,streptococcus_pneumoniae__009.agc
   31479790,streptococcus_pneumoniae__010.agc
   42901475,streptococcus_pneumoniae__011.agc
   58568996,streptococcus_pneumoniae__012.agc
   47503847,streptococcus_pneumoniae__013.agc
   45637086,streptococcus_pneumoniae__014.agc
   44316504,streptococcus_pneumoniae__015.agc
   45167577,streptococcus_pneumoniae__016.agc
   30814708,streptococcus_pneumoniae__017.agc
   34259780,streptococcus_pneumoniae__018.agc
   21525047,streptococcus_pneumoniae__019.agc
   40295772,streptococcus_pneumoniae__020.agc
   22525263,streptococcus_pneumoniae__021.agc
   28043871,streptococcus_pneumoniae__022.agc
   30905837,streptococcus_pneumoniae__023.agc
   22664265,streptococcus_pneumoniae__024.agc
   31357712,streptococcus_pneumoniae__025.agc
   23019188,streptococcus_pneumoniae__026.agc
   30180291,streptococcus_pneumoniae__027.agc
   38626287,streptococcus_pneumoniae__028.agc
   29997639,streptococcus_pneumoniae__029.agc
    7772282,streptococcus_pneumoniae__030.agc
   23061019,streptococcus_pseudopneumoniae__000.agc
   15082357,streptococcus_pyogenes__000.agc
   12275557,streptococcus_pyogenes__001.agc
   16245195,streptococcus_pyogenes__002.agc
   12487928,streptococcus_pyogenes__003.agc
   18316119,streptococcus_pyogenes__004.agc
   10565422,streptococcus_pyogenes__005.agc
   14317734,streptococcus_pyogenes__006.agc
   10538110,streptococcus_pyogenes__007.agc
   11220180,streptococcus_pyogenes__008.agc
    8903363,streptococcus_pyogenes__009.agc
    5900883,streptococcus_pyogenes__010.agc
    2414092,streptococcus_pyogenes__011.agc
   91689329,streptococcus_suis__000.agc
   31759512,streptococcus_suisp__000.agc
   18855569,streptococcus_suisw__000.agc
   28319964,streptococcus_uberis__000.agc
   21958515,stutzerimonas_stutzeri__000.agc
   17022621,treponema_pallidum__000.agc
 1266349082,unknown__000.agc
 1362772268,unknown__001.agc
 1988100096,unknown__002.agc
 1058577766,unknown__003.agc
 1485365441,unknown__004.agc
 1124173648,unknown__005.agc
 1044805721,unknown__006.agc
 1266734872,unknown__007.agc
 1031065889,unknown__008.agc
 1198068856,unknown__009.agc
  703465346,unknown__010.agc
 1370995814,unknown__011.agc
  657199813,unknown__012.agc
 1196062850,unknown__013.agc
  917930186,unknown__014.agc
 1221663999,unknown__015.agc
  755746209,unknown__016.agc
  959524477,unknown__017.agc
  374322918,unknown__018.agc
   40697205,vibrio_alginolyticus__000.agc
  113078162,vibrio_cholerae__000.agc
   88313900,vibrio_cholerae__001.agc
   13140839,vibrio_cholerae__002.agc
    4758818,vibrio_cholerae__003.agc
   25667774,vibrio_fluvialis__000.agc
    5253796,vibrio_mediterranei__000.agc
  176476097,vibrio_parahaemolyticus__000.agc
   75356288,vibrio_parahaemolyticus__001.agc
    2434652,vibrio_parahaemolyticus__002.agc
  105800578,vibrio_vulnificus__000.agc
   30933932,xanthomonas_campestris__000.agc
   12771055,xanthomonas_cissicola__000.agc
   15847503,xanthomonas_euvesicatoria__000.agc
   22861587,xanthomonas_oryzae__000.agc
   90208438,yersinia_enterocolitica__000.agc
   34418244,yersinia_pestis__000.agc
82693733810,total
