    34261612,achromobacter_xylosoxidans/atb.assembly.r0.2.batch.1.tar.xz
    64338924,acinetobacter_baumannii/atb.assembly.incr_release.202408.batch.1.tar.xz
    50985784,acinetobacter_baumannii/atb.assembly.incr_release.202408.batch.2.tar.xz
    83732460,acinetobacter_baumannii/atb.assembly.incr_release.202408.batch.3.tar.xz
    30305872,acinetobacter_baumannii/atb.assembly.incr_release.202408.batch.4.tar.xz
   130783368,acinetobacter_baumannii/atb.assembly.r0.2.batch.2.tar.xz
   106797888,acinetobacter_baumannii/atb.assembly.r0.2.batch.3.tar.xz
    78127952,acinetobacter_baumannii/atb.assembly.r0.2.batch.4.tar.xz
    60103584,acinetobacter_baumannii/atb.assembly.r0.2.batch.5.tar.xz
    18057140,acinetobacter_nosocomialis/atb.assembly.r0.2.batch.6.tar.xz
    37261548,acinetobacter_pittii/atb.assembly.r0.2.batch.7.tar.xz
     4215256,actinobacillus_lignieresii/atb.assembly.r0.2.batch.8.tar.xz
    69532584,aeromonas_caviae/atb.assembly.r0.2.batch.9.tar.xz
    16778988,aeromonas_salmonicida/atb.assembly.r0.2.batch.10.tar.xz
    50843432,aeromonas_veronii/atb.assembly.r0.2.batch.11.tar.xz
     4702956,alistipes_onderdonkii/atb.assembly.r0.2.batch.12.tar.xz
    33831008,bacillusa_anthracis/atb.assembly.r0.2.batch.13.tar.xz
    18660412,bacillusa_bombysepticus/atb.assembly.incr_release.202408.batch.5.tar.xz
    27016920,bacillusa_bombysepticus/atb.assembly.r0.2.batch.14.tar.xz
    32391512,bacillusa_cereus/atb.assembly.r0.2.batch.15.tar.xz
    34085680,bacillusa_paranthracis/atb.assembly.r0.2.batch.16.tar.xz
    14808668,bacillus_subtilis/atb.assembly.incr_release.202408.batch.6.tar.xz
    26484416,bacillus_subtilis/atb.assembly.r0.2.batch.17.tar.xz
    26291500,bacteroides_caccae/atb.assembly.incr_release.202408.batch.7.tar.xz
    24099232,bacteroides_fragilis/atb.assembly.incr_release.202408.batch.8.tar.xz
    41052316,bacteroides_fragilis/atb.assembly.r0.2.batch.18.tar.xz
    58268440,bacteroides_ovatus/atb.assembly.incr_release.202408.batch.9.tar.xz
    22383204,bacteroides_ovatus/atb.assembly.r0.2.batch.19.tar.xz
    45654352,bacteroides_thetaiotaomicron/atb.assembly.incr_release.202408.batch.10.tar.xz
    28053592,bacteroides_thetaiotaomicron/atb.assembly.r0.2.batch.20.tar.xz
    88061168,bacteroides_uniformis/atb.assembly.incr_release.202408.batch.11.tar.xz
    21486636,bacteroides_uniformis/atb.assembly.r0.2.batch.21.tar.xz
    44869156,bacteroides_xylanisolvens/atb.assembly.incr_release.202408.batch.12.tar.xz
     3173868,bartonella_krasnovii/atb.assembly.r0.2.batch.22.tar.xz
    44020380,bifidobacterium_adolescentis/atb.assembly.incr_release.202408.batch.13.tar.xz
     7093276,bifidobacterium_adolescentis/atb.assembly.r0.2.batch.23.tar.xz
     2714356,bifidobacterium_animalis/atb.assembly.r0.2.batch.24.tar.xz
    29993384,bifidobacterium_longum/atb.assembly.incr_release.202408.batch.14.tar.xz
    17896940,bifidobacterium_longum/atb.assembly.r0.2.batch.25.tar.xz
     7278720,bifidobacterium_pseudocatenulatum/atb.assembly.incr_release.202408.batch.15.tar.xz
     8467272,bifidobacterium_pseudocatenulatum/atb.assembly.r0.2.batch.26.tar.xz
     5319020,bordetella_pertussis/atb.assembly.incr_release.202408.batch.16.tar.xz
    52131160,bordetella_pertussis/atb.assembly.r0.2.batch.27.tar.xz
    32181804,bordetella_pertussis/atb.assembly.r0.2.batch.28.tar.xz
     6010460,borreliella_burgdorferi/atb.assembly.incr_release.202408.batch.17.tar.xz
    14627484,borreliella_burgdorferi/atb.assembly.r0.2.batch.29.tar.xz
     4358576,brucella_melitensis/atb.assembly.incr_release.202408.batch.18.tar.xz
    12790988,brucella_melitensis/atb.assembly.r0.2.batch.30.tar.xz
    30656612,burkholderia_cenocepacia/atb.assembly.r0.2.batch.31.tar.xz
    38979376,burkholderia_cepacia/atb.assembly.r0.2.batch.32.tar.xz
    13823720,burkholderia_dolosa/atb.assembly.incr_release.202408.batch.19.tar.xz
    43732216,burkholderia_gladioli/atb.assembly.r0.2.batch.33.tar.xz
    66764764,burkholderia_mallei/atb.assembly.incr_release.202408.batch.20.tar.xz
   133761772,burkholderia_mallei/atb.assembly.r0.2.batch.34.tar.xz
    70835180,burkholderia_mallei/atb.assembly.r0.2.batch.35.tar.xz
    17841936,burkholderia_multivorans/atb.assembly.incr_release.202408.batch.21.tar.xz
    43754028,burkholderia_multivorans/atb.assembly.r0.2.batch.36.tar.xz
    47986776,burkholderia_ubonensis/atb.assembly.r0.2.batch.37.tar.xz
    11273104,campylobacterd_colia/atb.assembly.r0.2.batch.46.tar.xz
    33957008,campylobacterd_coli/atb.assembly.incr_release.202408.batch.22.tar.xz
    11833784,campylobacterd_coli/atb.assembly.incr_release.202408.batch.23.tar.xz
    34044920,campylobacterd_coli/atb.assembly.r0.2.batch.38.tar.xz
    33204864,campylobacterd_coli/atb.assembly.r0.2.batch.39.tar.xz
    34233956,campylobacterd_coli/atb.assembly.r0.2.batch.40.tar.xz
    35630948,campylobacterd_coli/atb.assembly.r0.2.batch.41.tar.xz
    38096288,campylobacterd_coli/atb.assembly.r0.2.batch.42.tar.xz
    33043132,campylobacterd_coli/atb.assembly.r0.2.batch.43.tar.xz
    31026880,campylobacterd_coli/atb.assembly.r0.2.batch.44.tar.xz
    12106176,campylobacterd_coli/atb.assembly.r0.2.batch.45.tar.xz
    41326360,campylobacterd_jejuni/atb.assembly.incr_release.202408.batch.24.tar.xz
    29438924,campylobacterd_jejuni/atb.assembly.incr_release.202408.batch.25.tar.xz
    29762456,campylobacterd_jejuni/atb.assembly.incr_release.202408.batch.26.tar.xz
    15316644,campylobacterd_jejuni/atb.assembly.incr_release.202408.batch.27.tar.xz
    28360092,campylobacterd_jejuni/atb.assembly.r0.2.batch.47.tar.xz
    27876020,campylobacterd_jejuni/atb.assembly.r0.2.batch.48.tar.xz
    31402716,campylobacterd_jejuni/atb.assembly.r0.2.batch.49.tar.xz
    33808348,campylobacterd_jejuni/atb.assembly.r0.2.batch.50.tar.xz
    30626728,campylobacterd_jejuni/atb.assembly.r0.2.batch.51.tar.xz
    33196348,campylobacterd_jejuni/atb.assembly.r0.2.batch.52.tar.xz
    30877408,campylobacterd_jejuni/atb.assembly.r0.2.batch.53.tar.xz
    30085152,campylobacterd_jejuni/atb.assembly.r0.2.batch.54.tar.xz
    30661896,campylobacterd_jejuni/atb.assembly.r0.2.batch.55.tar.xz
    35966832,campylobacterd_jejuni/atb.assembly.r0.2.batch.56.tar.xz
    32145412,campylobacterd_jejuni/atb.assembly.r0.2.batch.57.tar.xz
    33560156,campylobacterd_jejuni/atb.assembly.r0.2.batch.58.tar.xz
    32431124,campylobacterd_jejuni/atb.assembly.r0.2.batch.59.tar.xz
    33117088,campylobacterd_jejuni/atb.assembly.r0.2.batch.60.tar.xz
    35494004,campylobacterd_jejuni/atb.assembly.r0.2.batch.61.tar.xz
    31278388,campylobacterd_jejuni/atb.assembly.r0.2.batch.62.tar.xz
    29789112,campylobacterd_jejuni/atb.assembly.r0.2.batch.63.tar.xz
    29652620,campylobacterd_jejuni/atb.assembly.r0.2.batch.64.tar.xz
    30637984,campylobacterd_jejuni/atb.assembly.r0.2.batch.65.tar.xz
    31852276,campylobacterd_jejuni/atb.assembly.r0.2.batch.66.tar.xz
    11365764,campylobacterd_jejuni/atb.assembly.r0.2.batch.67.tar.xz
     3962516,campylobacterd_lari/atb.assembly.r0.2.batch.68.tar.xz
    13404812,campylobacterd_upsaliensis/atb.assembly.r0.2.batch.69.tar.xz
     3284352,campylobacter_fetus/atb.assembly.r0.2.batch.70.tar.xz
     6136916,caulobacter_vibrioides/atb.assembly.r0.2.batch.71.tar.xz
    25955900,chlamydia_trachomatis/atb.assembly.r0.2.batch.72.tar.xz
     6591356,citrobactera_rodentium/atb.assembly.r0.2.batch.73.tar.xz
    13802632,citrobacterb_koseri/atb.assembly.r0.2.batch.74.tar.xz
    30941064,citrobacter_braakii/atb.assembly.r0.2.batch.75.tar.xz
    57817696,citrobacter_freundii/atb.assembly.incr_release.202408.batch.28.tar.xz
   103350936,citrobacter_freundii/atb.assembly.r0.2.batch.76.tar.xz
    37044136,citrobacter_portucalensis/atb.assembly.r0.2.batch.77.tar.xz
    21588068,citrobacter_werkmanii/atb.assembly.r0.2.batch.78.tar.xz
    46478952,clostridioides_difficile/atb.assembly.incr_release.202408.batch.29.tar.xz
    56413784,clostridioides_difficile/atb.assembly.r0.2.batch.79.tar.xz
    53295292,clostridioides_difficile/atb.assembly.r0.2.batch.80.tar.xz
    58962916,clostridioides_difficile/atb.assembly.r0.2.batch.81.tar.xz
    70080508,clostridioides_difficile/atb.assembly.r0.2.batch.82.tar.xz
    66205560,clostridioides_difficile/atb.assembly.r0.2.batch.83.tar.xz
    65947660,clostridioides_difficile/atb.assembly.r0.2.batch.84.tar.xz
    35612260,clostridioides_difficile/atb.assembly.r0.2.batch.85.tar.xz
    12751864,clostridium_botulinuma/atb.assembly.r0.2.batch.86.tar.xz
    19523568,clostridiumf_botulinum/atb.assembly.r0.2.batch.87.tar.xz
     4302124,corynebacterium_diphtheriae/atb.assembly.incr_release.202408.batch.30.tar.xz
    26223848,corynebacterium_diphtheriae/atb.assembly.r0.2.batch.88.tar.xz
     8954456,corynebacterium_striatum/atb.assembly.r0.2.batch.89.tar.xz
    31673200,cronobacter_sakazakii/atb.assembly.incr_release.202408.batch.31.tar.xz
    25792256,cronobacter_sakazakii/atb.assembly.r0.2.batch.90.tar.xz
     9639816,cutibacterium_acnes/atb.assembly.incr_release.202408.batch.32.tar.xz
    15558244,cutibacterium_acnes/atb.assembly.r0.2.batch.91.tar.xz
   181753884,dustbin/atb.assembly.incr_release.202408.batch.33.tar.xz
   227666044,dustbin/atb.assembly.incr_release.202408.batch.34.tar.xz
   155498028,dustbin/atb.assembly.incr_release.202408.batch.35.tar.xz
   173339168,dustbin/atb.assembly.incr_release.202408.batch.36.tar.xz
   147698080,dustbin/atb.assembly.incr_release.202408.batch.37.tar.xz
   253209116,dustbin/atb.assembly.incr_release.202408.batch.38.tar.xz
   149849672,dustbin/atb.assembly.incr_release.202408.batch.39.tar.xz
   156113412,dustbin/atb.assembly.incr_release.202408.batch.40.tar.xz
   229412392,dustbin/atb.assembly.incr_release.202408.batch.41.tar.xz
   166618808,dustbin/atb.assembly.incr_release.202408.batch.42.tar.xz
   201236384,dustbin/atb.assembly.incr_release.202408.batch.43.tar.xz
   239854664,dustbin/atb.assembly.incr_release.202408.batch.44.tar.xz
   135598036,dustbin/atb.assembly.incr_release.202408.batch.45.tar.xz
   256485568,dustbin/atb.assembly.incr_release.202408.batch.46.tar.xz
   270877524,dustbin/atb.assembly.incr_release.202408.batch.47.tar.xz
   420722864,dustbin/atb.assembly.incr_release.202408.batch.48.tar.xz
   310286500,dustbin/atb.assembly.incr_release.202408.batch.49.tar.xz
   186123772,dustbin/atb.assembly.incr_release.202408.batch.50.tar.xz
   278234676,dustbin/atb.assembly.incr_release.202408.batch.51.tar.xz
   304858704,dustbin/atb.assembly.incr_release.202408.batch.52.tar.xz
   216959164,dustbin/atb.assembly.incr_release.202408.batch.53.tar.xz
   126063332,dustbin/atb.assembly.incr_release.202408.batch.54.tar.xz
    74108496,dustbin/atb.assembly.incr_release.202408.batch.55.tar.xz
   521344588,dustbin/atb.assembly.incr_release.202408.batch.56.tar.xz
   716997416,dustbin/atb.assembly.incr_release.202408.batch.57.tar.xz
   386379712,dustbin/atb.assembly.incr_release.202408.batch.58.tar.xz
   174195192,dustbin/atb.assembly.incr_release.202408.batch.59.tar.xz
    18724436,dustbin/atb.assembly.incr_release.202408.batch.60.tar.xz
   258328952,dustbin/atb.assembly.r0.2.batch.100.tar.xz
   336726192,dustbin/atb.assembly.r0.2.batch.101.tar.xz
   272620636,dustbin/atb.assembly.r0.2.batch.102.tar.xz
   131664252,dustbin/atb.assembly.r0.2.batch.103.tar.xz
   299419612,dustbin/atb.assembly.r0.2.batch.104.tar.xz
   137612084,dustbin/atb.assembly.r0.2.batch.105.tar.xz
   242508992,dustbin/atb.assembly.r0.2.batch.106.tar.xz
    95504676,dustbin/atb.assembly.r0.2.batch.107.tar.xz
   320430728,dustbin/atb.assembly.r0.2.batch.108.tar.xz
   317561372,dustbin/atb.assembly.r0.2.batch.109.tar.xz
   168522288,dustbin/atb.assembly.r0.2.batch.110.tar.xz
   205798480,dustbin/atb.assembly.r0.2.batch.111.tar.xz
   324408560,dustbin/atb.assembly.r0.2.batch.112.tar.xz
   247399580,dustbin/atb.assembly.r0.2.batch.113.tar.xz
   183481660,dustbin/atb.assembly.r0.2.batch.114.tar.xz
   336824384,dustbin/atb.assembly.r0.2.batch.115.tar.xz
   186074992,dustbin/atb.assembly.r0.2.batch.116.tar.xz
   204676352,dustbin/atb.assembly.r0.2.batch.117.tar.xz
   152966016,dustbin/atb.assembly.r0.2.batch.118.tar.xz
   177718168,dustbin/atb.assembly.r0.2.batch.119.tar.xz
   269717588,dustbin/atb.assembly.r0.2.batch.120.tar.xz
   403956436,dustbin/atb.assembly.r0.2.batch.121.tar.xz
   350934320,dustbin/atb.assembly.r0.2.batch.122.tar.xz
   265653732,dustbin/atb.assembly.r0.2.batch.123.tar.xz
   111626436,dustbin/atb.assembly.r0.2.batch.124.tar.xz
   427347760,dustbin/atb.assembly.r0.2.batch.125.tar.xz
   392746388,dustbin/atb.assembly.r0.2.batch.126.tar.xz
   389051104,dustbin/atb.assembly.r0.2.batch.127.tar.xz
   281631348,dustbin/atb.assembly.r0.2.batch.128.tar.xz
   320290136,dustbin/atb.assembly.r0.2.batch.129.tar.xz
   167939296,dustbin/atb.assembly.r0.2.batch.130.tar.xz
   273148000,dustbin/atb.assembly.r0.2.batch.131.tar.xz
   249729876,dustbin/atb.assembly.r0.2.batch.132.tar.xz
   290677796,dustbin/atb.assembly.r0.2.batch.133.tar.xz
   323473940,dustbin/atb.assembly.r0.2.batch.134.tar.xz
   479081732,dustbin/atb.assembly.r0.2.batch.135.tar.xz
   332464332,dustbin/atb.assembly.r0.2.batch.136.tar.xz
   134322052,dustbin/atb.assembly.r0.2.batch.137.tar.xz
   398382512,dustbin/atb.assembly.r0.2.batch.138.tar.xz
    92454192,dustbin/atb.assembly.r0.2.batch.139.tar.xz
   112271644,dustbin/atb.assembly.r0.2.batch.140.tar.xz
   113522576,dustbin/atb.assembly.r0.2.batch.141.tar.xz
    81075032,dustbin/atb.assembly.r0.2.batch.142.tar.xz
    89106476,dustbin/atb.assembly.r0.2.batch.143.tar.xz
   692158728,dustbin/atb.assembly.r0.2.batch.144.tar.xz
   184522656,dustbin/atb.assembly.r0.2.batch.145.tar.xz
   326183992,dustbin/atb.assembly.r0.2.batch.146.tar.xz
   248078948,dustbin/atb.assembly.r0.2.batch.147.tar.xz
   200054048,dustbin/atb.assembly.r0.2.batch.148.tar.xz
   105776252,dustbin/atb.assembly.r0.2.batch.149.tar.xz
    48900472,dustbin/atb.assembly.r0.2.batch.150.tar.xz
   283695008,dustbin/atb.assembly.r0.2.batch.92.tar.xz
   255437548,dustbin/atb.assembly.r0.2.batch.93.tar.xz
   232285708,dustbin/atb.assembly.r0.2.batch.94.tar.xz
   320896836,dustbin/atb.assembly.r0.2.batch.95.tar.xz
   304304332,dustbin/atb.assembly.r0.2.batch.96.tar.xz
   120064124,dustbin/atb.assembly.r0.2.batch.97.tar.xz
   209357788,dustbin/atb.assembly.r0.2.batch.98.tar.xz
   157989652,dustbin/atb.assembly.r0.2.batch.99.tar.xz
    19497160,elizabethkingia_anophelis/atb.assembly.r0.2.batch.151.tar.xz
    19489340,enterobacter_asburiaeb/atb.assembly.r0.2.batch.152.tar.xz
    16872160,enterobacter_bugandensis/atb.assembly.r0.2.batch.153.tar.xz
    42966100,enterobacter_cloacae/atb.assembly.r0.2.batch.154.tar.xz
    19100152,enterobacter_cloacaem/atb.assembly.r0.2.batch.155.tar.xz
   131805776,enterobacter_hormaecheia/atb.assembly.incr_release.202408.batch.61.tar.xz
   174810132,enterobacter_hormaecheia/atb.assembly.r0.2.batch.156.tar.xz
    99119460,enterobacter_hormaecheia/atb.assembly.r0.2.batch.157.tar.xz
    21925920,enterobacter_kobei/atb.assembly.incr_release.202408.batch.62.tar.xz
    41028916,enterobacter_kobei/atb.assembly.r0.2.batch.158.tar.xz
    21521944,enterobacter_ludwigii/atb.assembly.r0.2.batch.159.tar.xz
    32803260,enterobacter_roggenkampii/atb.assembly.incr_release.202408.batch.63.tar.xz
    49615104,enterobacter_roggenkampii/atb.assembly.r0.2.batch.160.tar.xz
     8640820,enterococcusb_durans/atb.assembly.r0.2.batch.161.tar.xz
    53075696,enterococcusb_faecium/atb.assembly.incr_release.202408.batch.64.tar.xz
    55529160,enterococcusb_faecium/atb.assembly.incr_release.202408.batch.65.tar.xz
    15514360,enterococcusb_faecium/atb.assembly.incr_release.202408.batch.66.tar.xz
    59272016,enterococcusb_faecium/atb.assembly.r0.2.batch.162.tar.xz
    64580312,enterococcusb_faecium/atb.assembly.r0.2.batch.163.tar.xz
    66001176,enterococcusb_faecium/atb.assembly.r0.2.batch.164.tar.xz
    73695852,enterococcusb_faecium/atb.assembly.r0.2.batch.165.tar.xz
    70508456,enterococcusb_faecium/atb.assembly.r0.2.batch.166.tar.xz
    53322556,enterococcusb_faecium/atb.assembly.r0.2.batch.167.tar.xz
    60862884,enterococcusb_faecium/atb.assembly.r0.2.batch.168.tar.xz
    18463348,enterococcusb_hirae/atb.assembly.r0.2.batch.169.tar.xz
    11833600,enterococcusb_lactis/atb.assembly.incr_release.202408.batch.67.tar.xz
    29094296,enterococcusb_lactis/atb.assembly.r0.2.batch.170.tar.xz
     7158776,enterococcusd_gallinarum/atb.assembly.r0.2.batch.171.tar.xz
    43890036,enterococcus_faecalis/atb.assembly.incr_release.202408.batch.68.tar.xz
   106747172,enterococcus_faecalis/atb.assembly.r0.2.batch.172.tar.xz
    94902272,enterococcus_faecalis/atb.assembly.r0.2.batch.173.tar.xz
     2850612,enterococcus_faecalis/atb.assembly.r0.2.batch.174.tar.xz
     6609712,erysipelothrix_rhusiopathiae/atb.assembly.r0.2.batch.175.tar.xz
    32628932,escherichia_albertii/atb.assembly.r0.2.batch.176.tar.xz
   224272716,escherichia_coli/atb.assembly.incr_release.202408.batch.69.tar.xz
   153935920,escherichia_coli/atb.assembly.incr_release.202408.batch.70.tar.xz
   172436380,escherichia_coli/atb.assembly.incr_release.202408.batch.71.tar.xz
   232140488,escherichia_coli/atb.assembly.incr_release.202408.batch.72.tar.xz
   199162352,escherichia_coli/atb.assembly.incr_release.202408.batch.73.tar.xz
   222275532,escherichia_coli/atb.assembly.incr_release.202408.batch.74.tar.xz
   186847384,escherichia_coli/atb.assembly.incr_release.202408.batch.75.tar.xz
   203660596,escherichia_coli/atb.assembly.incr_release.202408.batch.76.tar.xz
   217644808,escherichia_coli/atb.assembly.incr_release.202408.batch.77.tar.xz
   211956296,escherichia_coli/atb.assembly.incr_release.202408.batch.78.tar.xz
   224268444,escherichia_coli/atb.assembly.incr_release.202408.batch.79.tar.xz
   201557024,escherichia_coli/atb.assembly.incr_release.202408.batch.80.tar.xz
   198132200,escherichia_coli/atb.assembly.incr_release.202408.batch.81.tar.xz
   220340856,escherichia_coli/atb.assembly.incr_release.202408.batch.82.tar.xz
   189795888,escherichia_coli/atb.assembly.incr_release.202408.batch.83.tar.xz
   219168192,escherichia_coli/atb.assembly.incr_release.202408.batch.84.tar.xz
   231461568,escherichia_coli/atb.assembly.incr_release.202408.batch.85.tar.xz
   180993408,escherichia_coli/atb.assembly.incr_release.202408.batch.86.tar.xz
   187648944,escherichia_coli/atb.assembly.incr_release.202408.batch.87.tar.xz
   200316444,escherichia_coli/atb.assembly.incr_release.202408.batch.88.tar.xz
   209049976,escherichia_coli/atb.assembly.incr_release.202408.batch.89.tar.xz
    52289956,escherichia_coli/atb.assembly.incr_release.202408.batch.90.tar.xz
   166918248,escherichia_coli/atb.assembly.r0.2.batch.177.tar.xz
   177038708,escherichia_coli/atb.assembly.r0.2.batch.178.tar.xz
   192260212,escherichia_coli/atb.assembly.r0.2.batch.179.tar.xz
   179323744,escherichia_coli/atb.assembly.r0.2.batch.180.tar.xz
   185081444,escherichia_coli/atb.assembly.r0.2.batch.181.tar.xz
   251828944,escherichia_coli/atb.assembly.r0.2.batch.182.tar.xz
   203648140,escherichia_coli/atb.assembly.r0.2.batch.183.tar.xz
   238742580,escherichia_coli/atb.assembly.r0.2.batch.184.tar.xz
   238498136,escherichia_coli/atb.assembly.r0.2.batch.185.tar.xz
   245246772,escherichia_coli/atb.assembly.r0.2.batch.186.tar.xz
   205327812,escherichia_coli/atb.assembly.r0.2.batch.187.tar.xz
   255089244,escherichia_coli/atb.assembly.r0.2.batch.188.tar.xz
   236457172,escherichia_coli/atb.assembly.r0.2.batch.189.tar.xz
   244577988,escherichia_coli/atb.assembly.r0.2.batch.190.tar.xz
   276177700,escherichia_coli/atb.assembly.r0.2.batch.191.tar.xz
   251783944,escherichia_coli/atb.assembly.r0.2.batch.192.tar.xz
   172436136,escherichia_coli/atb.assembly.r0.2.batch.193.tar.xz
   123667408,escherichia_coli/atb.assembly.r0.2.batch.194.tar.xz
   312529568,escherichia_coli/atb.assembly.r0.2.batch.195.tar.xz
   195156792,escherichia_coli/atb.assembly.r0.2.batch.196.tar.xz
   208823924,escherichia_coli/atb.assembly.r0.2.batch.197.tar.xz
   227933544,escherichia_coli/atb.assembly.r0.2.batch.198.tar.xz
   219532032,escherichia_coli/atb.assembly.r0.2.batch.199.tar.xz
   193938276,escherichia_coli/atb.assembly.r0.2.batch.200.tar.xz
   193989108,escherichia_coli/atb.assembly.r0.2.batch.201.tar.xz
   226125404,escherichia_coli/atb.assembly.r0.2.batch.202.tar.xz
   139836364,escherichia_coli/atb.assembly.r0.2.batch.203.tar.xz
   170947872,escherichia_coli/atb.assembly.r0.2.batch.204.tar.xz
   183493720,escherichia_coli/atb.assembly.r0.2.batch.205.tar.xz
   218360780,escherichia_coli/atb.assembly.r0.2.batch.206.tar.xz
   163870292,escherichia_coli/atb.assembly.r0.2.batch.207.tar.xz
   159885444,escherichia_coli/atb.assembly.r0.2.batch.208.tar.xz
   164507208,escherichia_coli/atb.assembly.r0.2.batch.209.tar.xz
   212757408,escherichia_coli/atb.assembly.r0.2.batch.210.tar.xz
   139375360,escherichia_coli/atb.assembly.r0.2.batch.211.tar.xz
   202340780,escherichia_coli/atb.assembly.r0.2.batch.212.tar.xz
   175658900,escherichia_coli/atb.assembly.r0.2.batch.213.tar.xz
   165850572,escherichia_coli/atb.assembly.r0.2.batch.214.tar.xz
   187325912,escherichia_coli/atb.assembly.r0.2.batch.215.tar.xz
   174938952,escherichia_coli/atb.assembly.r0.2.batch.216.tar.xz
   194813808,escherichia_coli/atb.assembly.r0.2.batch.217.tar.xz
   184649824,escherichia_coli/atb.assembly.r0.2.batch.218.tar.xz
   175123864,escherichia_coli/atb.assembly.r0.2.batch.219.tar.xz
   209082108,escherichia_coli/atb.assembly.r0.2.batch.220.tar.xz
   183133112,escherichia_coli/atb.assembly.r0.2.batch.221.tar.xz
   205669504,escherichia_coli/atb.assembly.r0.2.batch.222.tar.xz
   210172164,escherichia_coli/atb.assembly.r0.2.batch.223.tar.xz
   173124068,escherichia_coli/atb.assembly.r0.2.batch.224.tar.xz
   214695800,escherichia_coli/atb.assembly.r0.2.batch.225.tar.xz
   179400244,escherichia_coli/atb.assembly.r0.2.batch.226.tar.xz
   216337648,escherichia_coli/atb.assembly.r0.2.batch.227.tar.xz
   250326956,escherichia_coli/atb.assembly.r0.2.batch.228.tar.xz
   223277912,escherichia_coli/atb.assembly.r0.2.batch.229.tar.xz
   218363744,escherichia_coli/atb.assembly.r0.2.batch.230.tar.xz
   181590152,escherichia_coli/atb.assembly.r0.2.batch.231.tar.xz
   213284268,escherichia_coli/atb.assembly.r0.2.batch.232.tar.xz
   177221188,escherichia_coli/atb.assembly.r0.2.batch.233.tar.xz
   144628868,escherichia_coli/atb.assembly.r0.2.batch.234.tar.xz
   237834400,escherichia_coli/atb.assembly.r0.2.batch.235.tar.xz
   238731256,escherichia_coli/atb.assembly.r0.2.batch.236.tar.xz
   232303928,escherichia_coli/atb.assembly.r0.2.batch.237.tar.xz
   205104160,escherichia_coli/atb.assembly.r0.2.batch.238.tar.xz
   224243400,escherichia_coli/atb.assembly.r0.2.batch.239.tar.xz
   233139584,escherichia_coli/atb.assembly.r0.2.batch.240.tar.xz
   202454620,escherichia_coli/atb.assembly.r0.2.batch.241.tar.xz
   216607956,escherichia_coli/atb.assembly.r0.2.batch.242.tar.xz
   243133284,escherichia_coli/atb.assembly.r0.2.batch.243.tar.xz
   217111516,escherichia_coli/atb.assembly.r0.2.batch.244.tar.xz
   215627256,escherichia_coli/atb.assembly.r0.2.batch.245.tar.xz
   211320776,escherichia_coli/atb.assembly.r0.2.batch.246.tar.xz
   223969180,escherichia_coli/atb.assembly.r0.2.batch.247.tar.xz
   197969636,escherichia_coli/atb.assembly.r0.2.batch.248.tar.xz
   212800488,escherichia_coli/atb.assembly.r0.2.batch.249.tar.xz
   219790772,escherichia_coli/atb.assembly.r0.2.batch.250.tar.xz
   190782108,escherichia_coli/atb.assembly.r0.2.batch.251.tar.xz
   197153064,escherichia_coli/atb.assembly.r0.2.batch.252.tar.xz
   229046400,escherichia_coli/atb.assembly.r0.2.batch.253.tar.xz
   196173456,escherichia_coli/atb.assembly.r0.2.batch.254.tar.xz
   164697984,escherichia_coli/atb.assembly.r0.2.batch.255.tar.xz
    16779164,escherichia_fergusonii/atb.assembly.r0.2.batch.256.tar.xz
    16529472,escherichia_marmotae/atb.assembly.incr_release.202408.batch.91.tar.xz
    17700796,escherichia_marmotae/atb.assembly.r0.2.batch.257.tar.xz
     4441000,francisella_tularensis/atb.assembly.r0.2.batch.258.tar.xz
     5995864,fusobacteriumc_necrophorum/atb.assembly.r0.2.batch.259.tar.xz
    12220900,glaesserella_parasuis/atb.assembly.r0.2.batch.260.tar.xz
    12922988,haemophilus_influenzae/atb.assembly.incr_release.202408.batch.92.tar.xz
    38141244,haemophilus_influenzae/atb.assembly.r0.2.batch.261.tar.xz
    29651888,haemophilus_influenzae/atb.assembly.r0.2.batch.262.tar.xz
    11274132,haemophilus_influenzaed/atb.assembly.r0.2.batch.263.tar.xz
     5991164,haemophilus_influenzaee/atb.assembly.incr_release.202408.batch.93.tar.xz
    19887012,haemophilus_influenzaee/atb.assembly.r0.2.batch.264.tar.xz
     5689340,haemophilus_influenzaeg/atb.assembly.r0.2.batch.265.tar.xz
    22866620,helicobacter_pylori/atb.assembly.r0.2.batch.266.tar.xz
    14250908,helicobacter_pyloric/atb.assembly.r0.2.batch.267.tar.xz
     3776980,hungateiclostridium_thermocellum/atb.assembly.r0.2.batch.268.tar.xz
    30801804,klebsiella_aerogenes/atb.assembly.incr_release.202408.batch.94.tar.xz
    78505112,klebsiella_aerogenes/atb.assembly.r0.2.batch.269.tar.xz
    48797764,klebsiella_grimontii/atb.assembly.r0.2.batch.270.tar.xz
    51781392,klebsiella_michiganensis/atb.assembly.incr_release.202408.batch.95.tar.xz
   107904056,klebsiella_michiganensis/atb.assembly.r0.2.batch.271.tar.xz
    45897348,klebsiella_ornithinolytica/atb.assembly.r0.2.batch.272.tar.xz
    26917980,klebsiella_oxytoca/atb.assembly.incr_release.202408.batch.96.tar.xz
    58826360,klebsiella_oxytoca/atb.assembly.r0.2.batch.273.tar.xz
    20218448,klebsiella_planticola/atb.assembly.r0.2.batch.274.tar.xz
   173026836,klebsiella_pneumoniae/atb.assembly.incr_release.202408.batch.100.tar.xz
   175785232,klebsiella_pneumoniae/atb.assembly.incr_release.202408.batch.97.tar.xz
   161321420,klebsiella_pneumoniae/atb.assembly.incr_release.202408.batch.98.tar.xz
   174218460,klebsiella_pneumoniae/atb.assembly.incr_release.202408.batch.99.tar.xz
   193773984,klebsiella_pneumoniae/atb.assembly.r0.2.batch.275.tar.xz
   205750516,klebsiella_pneumoniae/atb.assembly.r0.2.batch.276.tar.xz
   171147452,klebsiella_pneumoniae/atb.assembly.r0.2.batch.277.tar.xz
   204910080,klebsiella_pneumoniae/atb.assembly.r0.2.batch.278.tar.xz
   223020720,klebsiella_pneumoniae/atb.assembly.r0.2.batch.279.tar.xz
   218273244,klebsiella_pneumoniae/atb.assembly.r0.2.batch.280.tar.xz
   166670644,klebsiella_pneumoniae/atb.assembly.r0.2.batch.281.tar.xz
   161822748,klebsiella_pneumoniae/atb.assembly.r0.2.batch.282.tar.xz
   142119704,klebsiella_pneumoniae/atb.assembly.r0.2.batch.283.tar.xz
   157599392,klebsiella_pneumoniae/atb.assembly.r0.2.batch.284.tar.xz
   174335788,klebsiella_pneumoniae/atb.assembly.r0.2.batch.285.tar.xz
   159817764,klebsiella_pneumoniae/atb.assembly.r0.2.batch.286.tar.xz
   185183712,klebsiella_pneumoniae/atb.assembly.r0.2.batch.287.tar.xz
   197696300,klebsiella_pneumoniae/atb.assembly.r0.2.batch.288.tar.xz
    69816696,klebsiella_pneumoniae/atb.assembly.r0.2.batch.289.tar.xz
    54236724,klebsiella_quasipneumoniae/atb.assembly.incr_release.202408.batch.101.tar.xz
   211407664,klebsiella_quasipneumoniae/atb.assembly.r0.2.batch.290.tar.xz
    59061088,klebsiella_variicola/atb.assembly.incr_release.202408.batch.102.tar.xz
   186432496,klebsiella_variicola/atb.assembly.r0.2.batch.291.tar.xz
     8113372,lacticaseibacillus_paracasei/atb.assembly.incr_release.202408.batch.103.tar.xz
    13577180,lacticaseibacillus_paracasei/atb.assembly.r0.2.batch.292.tar.xz
     5236948,lacticaseibacillus_rhamnosus/atb.assembly.incr_release.202408.batch.104.tar.xz
     6829080,lacticaseibacillus_rhamnosus/atb.assembly.r0.2.batch.293.tar.xz
    19834660,lactiplantibacillus_plantarum/atb.assembly.r0.2.batch.294.tar.xz
     4703564,lactobacillus_johnsonii/atb.assembly.r0.2.batch.295.tar.xz
     6739576,lactococcus_lactis/atb.assembly.r0.2.batch.296.tar.xz
     6291720,legionella_fraseri/atb.assembly.incr_release.202408.batch.105.tar.xz
     9193100,legionella_fraseri/atb.assembly.r0.2.batch.297.tar.xz
    25557416,legionella_pneumophila/atb.assembly.incr_release.202408.batch.106.tar.xz
    58671800,legionella_pneumophila/atb.assembly.r0.2.batch.298.tar.xz
    21206068,legionella_pneumophila/atb.assembly.r0.2.batch.299.tar.xz
    18477076,leptospira_interrogans/atb.assembly.r0.2.batch.300.tar.xz
     8785592,limosilactobacillus_fermentum/atb.assembly.incr_release.202408.batch.107.tar.xz
     7445948,limosilactobacillus_fermentum/atb.assembly.r0.2.batch.301.tar.xz
     5530372,listeria_innocua/atb.assembly.incr_release.202408.batch.108.tar.xz
    18611164,listeria_innocua/atb.assembly.r0.2.batch.302.tar.xz
    25216132,listeria_monocytogenes/atb.assembly.incr_release.202408.batch.109.tar.xz
    24183632,listeria_monocytogenes/atb.assembly.r0.2.batch.303.tar.xz
    26093896,listeria_monocytogenes/atb.assembly.r0.2.batch.304.tar.xz
    26489124,listeria_monocytogenes/atb.assembly.r0.2.batch.305.tar.xz
    30313624,listeria_monocytogenes/atb.assembly.r0.2.batch.306.tar.xz
    32065304,listeria_monocytogenes/atb.assembly.r0.2.batch.307.tar.xz
    31857824,listeria_monocytogenes/atb.assembly.r0.2.batch.308.tar.xz
    32615108,listeria_monocytogenes/atb.assembly.r0.2.batch.309.tar.xz
    12795488,listeria_monocytogenes/atb.assembly.r0.2.batch.310.tar.xz
    30547608,listeria_monocytogenesb/atb.assembly.incr_release.202408.batch.110.tar.xz
     4994844,listeria_monocytogenesb/atb.assembly.incr_release.202408.batch.111.tar.xz
    20861664,listeria_monocytogenesb/atb.assembly.r0.2.batch.311.tar.xz
    24125132,listeria_monocytogenesb/atb.assembly.r0.2.batch.312.tar.xz
    30049032,listeria_monocytogenesb/atb.assembly.r0.2.batch.313.tar.xz
    30585452,listeria_monocytogenesb/atb.assembly.r0.2.batch.314.tar.xz
    37173292,listeria_monocytogenesb/atb.assembly.r0.2.batch.315.tar.xz
    30175184,listeria_monocytogenesb/atb.assembly.r0.2.batch.316.tar.xz
    28060948,listeria_monocytogenesb/atb.assembly.r0.2.batch.317.tar.xz
    18230360,listeria_monocytogenesb/atb.assembly.r0.2.batch.318.tar.xz
     7723720,listeria_seeligeri/atb.assembly.r0.2.batch.319.tar.xz
    10987760,listeria_welshimeri/atb.assembly.r0.2.batch.320.tar.xz
    14509780,mammaliicoccus_sciuri/atb.assembly.r0.2.batch.321.tar.xz
     7246160,mannheimia_haemolytica/atb.assembly.incr_release.202408.batch.112.tar.xz
    11647848,mannheimia_haemolytica/atb.assembly.r0.2.batch.322.tar.xz
    15033356,micrococcus_luteus/atb.assembly.r0.2.batch.323.tar.xz
     5871712,moraxella_bovoculi/atb.assembly.r0.2.batch.324.tar.xz
    13114016,moraxella_catarrhalis/atb.assembly.incr_release.202408.batch.113.tar.xz
    16309492,moraxella_catarrhalis/atb.assembly.r0.2.batch.325.tar.xz
    18979436,morganella_morganii/atb.assembly.r0.2.batch.326.tar.xz
    19702960,mycobacterium_abscessus/atb.assembly.incr_release.202408.batch.114.tar.xz
   106552928,mycobacterium_abscessus/atb.assembly.r0.2.batch.327.tar.xz
    46392196,mycobacterium_abscessus/atb.assembly.r0.2.batch.328.tar.xz
    27051996,mycobacterium_avium/atb.assembly.incr_release.202408.batch.115.tar.xz
    69039044,mycobacterium_avium/atb.assembly.r0.2.batch.329.tar.xz
    32195652,mycobacterium_intracellulare/atb.assembly.incr_release.202408.batch.116.tar.xz
    68700864,mycobacterium_intracellulare/atb.assembly.r0.2.batch.330.tar.xz
    10721664,mycobacterium_kansasii/atb.assembly.incr_release.202408.batch.117.tar.xz
    17506248,mycobacterium_kansasii/atb.assembly.r0.2.batch.331.tar.xz
    25832192,mycobacterium_marinum/atb.assembly.r0.2.batch.332.tar.xz
     9712728,mycobacterium_smegmatis/atb.assembly.r0.2.batch.333.tar.xz
    43523112,mycobacterium_tuberculosis/atb.assembly.incr_release.202408.batch.118.tar.xz
    36558136,mycobacterium_tuberculosis/atb.assembly.incr_release.202408.batch.119.tar.xz
    30324904,mycobacterium_tuberculosis/atb.assembly.incr_release.202408.batch.120.tar.xz
    42129608,mycobacterium_tuberculosis/atb.assembly.incr_release.202408.batch.121.tar.xz
    40681576,mycobacterium_tuberculosis/atb.assembly.incr_release.202408.batch.122.tar.xz
    43842704,mycobacterium_tuberculosis/atb.assembly.incr_release.202408.batch.123.tar.xz
    46414232,mycobacterium_tuberculosis/atb.assembly.incr_release.202408.batch.124.tar.xz
    38799240,mycobacterium_tuberculosis/atb.assembly.incr_release.202408.batch.125.tar.xz
    42470860,mycobacterium_tuberculosis/atb.assembly.incr_release.202408.batch.126.tar.xz
    38151868,mycobacterium_tuberculosis/atb.assembly.incr_release.202408.batch.127.tar.xz
    46465496,mycobacterium_tuberculosis/atb.assembly.incr_release.202408.batch.128.tar.xz
    15532936,mycobacterium_tuberculosis/atb.assembly.incr_release.202408.batch.129.tar.xz
    41101740,mycobacterium_tuberculosis/atb.assembly.r0.2.batch.334.tar.xz
    85291248,mycobacterium_tuberculosis/atb.assembly.r0.2.batch.335.tar.xz
    63839752,mycobacterium_tuberculosis/atb.assembly.r0.2.batch.336.tar.xz
    43002388,mycobacterium_tuberculosis/atb.assembly.r0.2.batch.337.tar.xz
    48933612,mycobacterium_tuberculosis/atb.assembly.r0.2.batch.338.tar.xz
    38960096,mycobacterium_tuberculosis/atb.assembly.r0.2.batch.339.tar.xz
    48980776,mycobacterium_tuberculosis/atb.assembly.r0.2.batch.340.tar.xz
    53445972,mycobacterium_tuberculosis/atb.assembly.r0.2.batch.341.tar.xz
    41351680,mycobacterium_tuberculosis/atb.assembly.r0.2.batch.342.tar.xz
    43816720,mycobacterium_tuberculosis/atb.assembly.r0.2.batch.343.tar.xz
    49634556,mycobacterium_tuberculosis/atb.assembly.r0.2.batch.344.tar.xz
    50872880,mycobacterium_tuberculosis/atb.assembly.r0.2.batch.345.tar.xz
    40289244,mycobacterium_tuberculosis/atb.assembly.r0.2.batch.346.tar.xz
    49210748,mycobacterium_tuberculosis/atb.assembly.r0.2.batch.347.tar.xz
    36383616,mycobacterium_tuberculosis/atb.assembly.r0.2.batch.348.tar.xz
    47864288,mycobacterium_tuberculosis/atb.assembly.r0.2.batch.349.tar.xz
    72221532,mycobacterium_tuberculosis/atb.assembly.r0.2.batch.350.tar.xz
    52050516,mycobacterium_tuberculosis/atb.assembly.r0.2.batch.351.tar.xz
    36535312,mycobacterium_tuberculosis/atb.assembly.r0.2.batch.352.tar.xz
    29273848,mycobacterium_tuberculosis/atb.assembly.r0.2.batch.353.tar.xz
    56895308,mycobacterium_tuberculosis/atb.assembly.r0.2.batch.354.tar.xz
    51116100,mycobacterium_tuberculosis/atb.assembly.r0.2.batch.355.tar.xz
    34376520,mycobacterium_tuberculosis/atb.assembly.r0.2.batch.356.tar.xz
    47196896,mycobacterium_tuberculosis/atb.assembly.r0.2.batch.357.tar.xz
    44033012,mycobacterium_tuberculosis/atb.assembly.r0.2.batch.358.tar.xz
    44979400,mycobacterium_tuberculosis/atb.assembly.r0.2.batch.359.tar.xz
    36534940,mycobacterium_tuberculosis/atb.assembly.r0.2.batch.360.tar.xz
    53832072,mycobacterium_tuberculosis/atb.assembly.r0.2.batch.361.tar.xz
    44960644,mycobacterium_tuberculosis/atb.assembly.r0.2.batch.362.tar.xz
    38688508,mycobacterium_tuberculosis/atb.assembly.r0.2.batch.363.tar.xz
    36096656,mycobacterium_tuberculosis/atb.assembly.r0.2.batch.364.tar.xz
    45352016,mycobacterium_tuberculosis/atb.assembly.r0.2.batch.365.tar.xz
    47941516,mycobacterium_tuberculosis/atb.assembly.r0.2.batch.366.tar.xz
    19656920,mycobacterium_tuberculosis/atb.assembly.r0.2.batch.367.tar.xz
      982640,mycoplasmoides_pneumoniae/atb.assembly.r0.2.batch.368.tar.xz
     1614340,mycoplasmopsis_bovis/atb.assembly.incr_release.202408.batch.130.tar.xz
     7022464,mycoplasmopsis_bovis/atb.assembly.r0.2.batch.369.tar.xz
    29428304,neisseria_gonorrhoeae/atb.assembly.incr_release.202408.batch.131.tar.xz
    26138696,neisseria_gonorrhoeae/atb.assembly.incr_release.202408.batch.132.tar.xz
    22167580,neisseria_gonorrhoeae/atb.assembly.incr_release.202408.batch.133.tar.xz
    13579044,neisseria_gonorrhoeae/atb.assembly.incr_release.202408.batch.134.tar.xz
    28742352,neisseria_gonorrhoeae/atb.assembly.r0.2.batch.370.tar.xz
    26793372,neisseria_gonorrhoeae/atb.assembly.r0.2.batch.371.tar.xz
    25412548,neisseria_gonorrhoeae/atb.assembly.r0.2.batch.372.tar.xz
    27964592,neisseria_gonorrhoeae/atb.assembly.r0.2.batch.373.tar.xz
    23522516,neisseria_gonorrhoeae/atb.assembly.r0.2.batch.374.tar.xz
    26396264,neisseria_gonorrhoeae/atb.assembly.r0.2.batch.375.tar.xz
    27191416,neisseria_gonorrhoeae/atb.assembly.r0.2.batch.376.tar.xz
    25924032,neisseria_gonorrhoeae/atb.assembly.r0.2.batch.377.tar.xz
    26872380,neisseria_gonorrhoeae/atb.assembly.r0.2.batch.378.tar.xz
    27782184,neisseria_gonorrhoeae/atb.assembly.r0.2.batch.379.tar.xz
    25466076,neisseria_gonorrhoeae/atb.assembly.r0.2.batch.380.tar.xz
    20492860,neisseria_lactamica/atb.assembly.r0.2.batch.381.tar.xz
    20863360,neisseria_meningitidis/atb.assembly.incr_release.202408.batch.135.tar.xz
    49011448,neisseria_meningitidis/atb.assembly.r0.2.batch.382.tar.xz
    51107440,neisseria_meningitidis/atb.assembly.r0.2.batch.383.tar.xz
    30394248,neisseria_meningitidis/atb.assembly.r0.2.batch.384.tar.xz
    38564524,neisseria_meningitidis/atb.assembly.r0.2.batch.385.tar.xz
    49957640,neisseria_meningitidis/atb.assembly.r0.2.batch.386.tar.xz
    38928524,neisseria_meningitidis/atb.assembly.r0.2.batch.387.tar.xz
    44854852,neisseria_meningitidis/atb.assembly.r0.2.batch.388.tar.xz
    39695712,neisseria_meningitidis/atb.assembly.r0.2.batch.389.tar.xz
    29041948,neisseria_meningitidis/atb.assembly.r0.2.batch.390.tar.xz
     5831260,paenibacillush_larvae/atb.assembly.incr_release.202408.batch.136.tar.xz
    13241164,paenibacillush_larvae/atb.assembly.r0.2.batch.391.tar.xz
    75618360,parabacteroides_distasonis/atb.assembly.incr_release.202408.batch.137.tar.xz
    31602940,parabacteroides_merdae/atb.assembly.incr_release.202408.batch.138.tar.xz
     6465236,pasteurella_multocida/atb.assembly.incr_release.202408.batch.139.tar.xz
    11312652,pasteurella_multocida/atb.assembly.r0.2.batch.392.tar.xz
    24830460,phocaeicola_dorei/atb.assembly.incr_release.202408.batch.140.tar.xz
    52097944,phocaeicola_vulgatus/atb.assembly.incr_release.202408.batch.141.tar.xz
    26359360,phocaeicola_vulgatus/atb.assembly.r0.2.batch.393.tar.xz
    58394872,proteus_mirabilis/atb.assembly.incr_release.202408.batch.142.tar.xz
    44164488,proteus_mirabilis/atb.assembly.r0.2.batch.394.tar.xz
    55147644,pseudomonas_aeruginosa/atb.assembly.incr_release.202408.batch.143.tar.xz
    77667732,pseudomonas_aeruginosa/atb.assembly.incr_release.202408.batch.144.tar.xz
   179967988,pseudomonas_aeruginosa/atb.assembly.incr_release.202408.batch.145.tar.xz
   179507472,pseudomonas_aeruginosa/atb.assembly.incr_release.202408.batch.146.tar.xz
   115136720,pseudomonas_aeruginosa/atb.assembly.incr_release.202408.batch.147.tar.xz
   168900748,pseudomonas_aeruginosa/atb.assembly.r0.2.batch.395.tar.xz
   213420832,pseudomonas_aeruginosa/atb.assembly.r0.2.batch.396.tar.xz
   175633596,pseudomonas_aeruginosa/atb.assembly.r0.2.batch.397.tar.xz
   159415896,pseudomonas_aeruginosa/atb.assembly.r0.2.batch.398.tar.xz
   172797940,pseudomonas_aeruginosa/atb.assembly.r0.2.batch.399.tar.xz
   180191484,pseudomonas_aeruginosa/atb.assembly.r0.2.batch.400.tar.xz
    62465244,pseudomonas_aeruginosa/atb.assembly.r0.2.batch.401.tar.xz
    27475996,pseudomonase_alloputida/atb.assembly.r0.2.batch.402.tar.xz
    20775332,pseudomonase_avellanae/atb.assembly.r0.2.batch.403.tar.xz
     6630888,pseudomonase_glycinae/atb.assembly.r0.2.batch.404.tar.xz
     8102708,pseudomonase_marginalis/atb.assembly.incr_release.202408.batch.148.tar.xz
    10837560,pseudomonase_marginalis/atb.assembly.r0.2.batch.405.tar.xz
    10737208,pseudomonase_paracarnis/atb.assembly.incr_release.202408.batch.149.tar.xz
    14972108,ralstonia_pseudosolanacearum/atb.assembly.r0.2.batch.406.tar.xz
    13410536,ralstonia_solanacearum/atb.assembly.r0.2.batch.407.tar.xz
    10335044,salmonella_arizonae/atb.assembly.incr_release.202408.batch.150.tar.xz
    33500092,salmonella_arizonae/atb.assembly.r0.2.batch.408.tar.xz
    36636200,salmonella_diarizonae/atb.assembly.incr_release.202408.batch.151.tar.xz
   125975748,salmonella_diarizonae/atb.assembly.r0.2.batch.409.tar.xz
    60938532,salmonella_enterica/atb.assembly.incr_release.202408.batch.152.tar.xz
    79967148,salmonella_enterica/atb.assembly.incr_release.202408.batch.153.tar.xz
    82634120,salmonella_enterica/atb.assembly.incr_release.202408.batch.154.tar.xz
    84641464,salmonella_enterica/atb.assembly.incr_release.202408.batch.155.tar.xz
    75078960,salmonella_enterica/atb.assembly.incr_release.202408.batch.156.tar.xz
    87719360,salmonella_enterica/atb.assembly.incr_release.202408.batch.157.tar.xz
    91611288,salmonella_enterica/atb.assembly.incr_release.202408.batch.158.tar.xz
    86567536,salmonella_enterica/atb.assembly.incr_release.202408.batch.159.tar.xz
    84635172,salmonella_enterica/atb.assembly.incr_release.202408.batch.160.tar.xz
    89445440,salmonella_enterica/atb.assembly.incr_release.202408.batch.161.tar.xz
    88352448,salmonella_enterica/atb.assembly.incr_release.202408.batch.162.tar.xz
    90950096,salmonella_enterica/atb.assembly.incr_release.202408.batch.163.tar.xz
    83953144,salmonella_enterica/atb.assembly.incr_release.202408.batch.164.tar.xz
    84758020,salmonella_enterica/atb.assembly.incr_release.202408.batch.165.tar.xz
    86016460,salmonella_enterica/atb.assembly.incr_release.202408.batch.166.tar.xz
    91908104,salmonella_enterica/atb.assembly.incr_release.202408.batch.167.tar.xz
    95212540,salmonella_enterica/atb.assembly.incr_release.202408.batch.168.tar.xz
   102034756,salmonella_enterica/atb.assembly.incr_release.202408.batch.169.tar.xz
    96026336,salmonella_enterica/atb.assembly.incr_release.202408.batch.170.tar.xz
    94097160,salmonella_enterica/atb.assembly.incr_release.202408.batch.171.tar.xz
    96425036,salmonella_enterica/atb.assembly.incr_release.202408.batch.172.tar.xz
    87725840,salmonella_enterica/atb.assembly.incr_release.202408.batch.173.tar.xz
    99014572,salmonella_enterica/atb.assembly.incr_release.202408.batch.174.tar.xz
    94757756,salmonella_enterica/atb.assembly.incr_release.202408.batch.175.tar.xz
    94989820,salmonella_enterica/atb.assembly.incr_release.202408.batch.176.tar.xz
    94094460,salmonella_enterica/atb.assembly.incr_release.202408.batch.177.tar.xz
    92873716,salmonella_enterica/atb.assembly.incr_release.202408.batch.178.tar.xz
    52941960,salmonella_enterica/atb.assembly.incr_release.202408.batch.179.tar.xz
    76389220,salmonella_enterica/atb.assembly.r0.2.batch.410.tar.xz
    50195568,salmonella_enterica/atb.assembly.r0.2.batch.411.tar.xz
    60124328,salmonella_enterica/atb.assembly.r0.2.batch.412.tar.xz
    55869984,salmonella_enterica/atb.assembly.r0.2.batch.413.tar.xz
    83299224,salmonella_enterica/atb.assembly.r0.2.batch.414.tar.xz
    68957528,salmonella_enterica/atb.assembly.r0.2.batch.415.tar.xz
    58048184,salmonella_enterica/atb.assembly.r0.2.batch.416.tar.xz
    95260540,salmonella_enterica/atb.assembly.r0.2.batch.417.tar.xz
    81368740,salmonella_enterica/atb.assembly.r0.2.batch.418.tar.xz
    90676368,salmonella_enterica/atb.assembly.r0.2.batch.419.tar.xz
    95299984,salmonella_enterica/atb.assembly.r0.2.batch.420.tar.xz
    95751528,salmonella_enterica/atb.assembly.r0.2.batch.421.tar.xz
   102209972,salmonella_enterica/atb.assembly.r0.2.batch.422.tar.xz
    92509408,salmonella_enterica/atb.assembly.r0.2.batch.423.tar.xz
    92843236,salmonella_enterica/atb.assembly.r0.2.batch.424.tar.xz
    89824484,salmonella_enterica/atb.assembly.r0.2.batch.425.tar.xz
    97421752,salmonella_enterica/atb.assembly.r0.2.batch.426.tar.xz
    93686164,salmonella_enterica/atb.assembly.r0.2.batch.427.tar.xz
    93733760,salmonella_enterica/atb.assembly.r0.2.batch.428.tar.xz
   105810236,salmonella_enterica/atb.assembly.r0.2.batch.429.tar.xz
    99884040,salmonella_enterica/atb.assembly.r0.2.batch.430.tar.xz
   100911720,salmonella_enterica/atb.assembly.r0.2.batch.431.tar.xz
    98874632,salmonella_enterica/atb.assembly.r0.2.batch.432.tar.xz
    90684484,salmonella_enterica/atb.assembly.r0.2.batch.433.tar.xz
   100409640,salmonella_enterica/atb.assembly.r0.2.batch.434.tar.xz
    97509988,salmonella_enterica/atb.assembly.r0.2.batch.435.tar.xz
    97435896,salmonella_enterica/atb.assembly.r0.2.batch.436.tar.xz
    89229300,salmonella_enterica/atb.assembly.r0.2.batch.437.tar.xz
    98561620,salmonella_enterica/atb.assembly.r0.2.batch.438.tar.xz
    94260408,salmonella_enterica/atb.assembly.r0.2.batch.439.tar.xz
    76339028,salmonella_enterica/atb.assembly.r0.2.batch.440.tar.xz
    96906984,salmonella_enterica/atb.assembly.r0.2.batch.441.tar.xz
    90389968,salmonella_enterica/atb.assembly.r0.2.batch.442.tar.xz
    91946920,salmonella_enterica/atb.assembly.r0.2.batch.443.tar.xz
    93075008,salmonella_enterica/atb.assembly.r0.2.batch.444.tar.xz
    87715668,salmonella_enterica/atb.assembly.r0.2.batch.445.tar.xz
    87627580,salmonella_enterica/atb.assembly.r0.2.batch.446.tar.xz
    95974692,salmonella_enterica/atb.assembly.r0.2.batch.447.tar.xz
    95812840,salmonella_enterica/atb.assembly.r0.2.batch.448.tar.xz
    95155080,salmonella_enterica/atb.assembly.r0.2.batch.449.tar.xz
    93215684,salmonella_enterica/atb.assembly.r0.2.batch.450.tar.xz
    70982476,salmonella_enterica/atb.assembly.r0.2.batch.451.tar.xz
    89304496,salmonella_enterica/atb.assembly.r0.2.batch.452.tar.xz
    99389196,salmonella_enterica/atb.assembly.r0.2.batch.453.tar.xz
    77822568,salmonella_enterica/atb.assembly.r0.2.batch.454.tar.xz
    91204836,salmonella_enterica/atb.assembly.r0.2.batch.455.tar.xz
    70001436,salmonella_enterica/atb.assembly.r0.2.batch.456.tar.xz
    62182140,salmonella_enterica/atb.assembly.r0.2.batch.457.tar.xz
    63342584,salmonella_enterica/atb.assembly.r0.2.batch.458.tar.xz
    82231376,salmonella_enterica/atb.assembly.r0.2.batch.459.tar.xz
    59242212,salmonella_enterica/atb.assembly.r0.2.batch.460.tar.xz
    68492876,salmonella_enterica/atb.assembly.r0.2.batch.461.tar.xz
   123103460,salmonella_enterica/atb.assembly.r0.2.batch.462.tar.xz
   123038400,salmonella_enterica/atb.assembly.r0.2.batch.463.tar.xz
   126207972,salmonella_enterica/atb.assembly.r0.2.batch.464.tar.xz
   100587732,salmonella_enterica/atb.assembly.r0.2.batch.465.tar.xz
   109325188,salmonella_enterica/atb.assembly.r0.2.batch.466.tar.xz
   104193224,salmonella_enterica/atb.assembly.r0.2.batch.467.tar.xz
   106801052,salmonella_enterica/atb.assembly.r0.2.batch.468.tar.xz
    73951644,salmonella_enterica/atb.assembly.r0.2.batch.469.tar.xz
    87526220,salmonella_enterica/atb.assembly.r0.2.batch.470.tar.xz
    82796388,salmonella_enterica/atb.assembly.r0.2.batch.471.tar.xz
    92656936,salmonella_enterica/atb.assembly.r0.2.batch.472.tar.xz
    87579224,salmonella_enterica/atb.assembly.r0.2.batch.473.tar.xz
    88999900,salmonella_enterica/atb.assembly.r0.2.batch.474.tar.xz
    83491844,salmonella_enterica/atb.assembly.r0.2.batch.475.tar.xz
    72181584,salmonella_enterica/atb.assembly.r0.2.batch.476.tar.xz
    94494600,salmonella_enterica/atb.assembly.r0.2.batch.477.tar.xz
    90576052,salmonella_enterica/atb.assembly.r0.2.batch.478.tar.xz
   106019528,salmonella_enterica/atb.assembly.r0.2.batch.479.tar.xz
    85461212,salmonella_enterica/atb.assembly.r0.2.batch.480.tar.xz
    79714024,salmonella_enterica/atb.assembly.r0.2.batch.481.tar.xz
    80937860,salmonella_enterica/atb.assembly.r0.2.batch.482.tar.xz
    83211432,salmonella_enterica/atb.assembly.r0.2.batch.483.tar.xz
    89287160,salmonella_enterica/atb.assembly.r0.2.batch.484.tar.xz
    88417312,salmonella_enterica/atb.assembly.r0.2.batch.485.tar.xz
    91142400,salmonella_enterica/atb.assembly.r0.2.batch.486.tar.xz
    92718412,salmonella_enterica/atb.assembly.r0.2.batch.487.tar.xz
    73047928,salmonella_enterica/atb.assembly.r0.2.batch.488.tar.xz
    67893944,salmonella_enterica/atb.assembly.r0.2.batch.489.tar.xz
    97290464,salmonella_enterica/atb.assembly.r0.2.batch.490.tar.xz
   107219916,salmonella_enterica/atb.assembly.r0.2.batch.491.tar.xz
   112508660,salmonella_enterica/atb.assembly.r0.2.batch.492.tar.xz
   123267912,salmonella_enterica/atb.assembly.r0.2.batch.493.tar.xz
   107836484,salmonella_enterica/atb.assembly.r0.2.batch.494.tar.xz
   110960588,salmonella_enterica/atb.assembly.r0.2.batch.495.tar.xz
    84351028,salmonella_enterica/atb.assembly.r0.2.batch.496.tar.xz
    88240288,salmonella_enterica/atb.assembly.r0.2.batch.497.tar.xz
    97980848,salmonella_enterica/atb.assembly.r0.2.batch.498.tar.xz
    87513412,salmonella_enterica/atb.assembly.r0.2.batch.499.tar.xz
    86723032,salmonella_enterica/atb.assembly.r0.2.batch.500.tar.xz
    95132696,salmonella_enterica/atb.assembly.r0.2.batch.501.tar.xz
    94979412,salmonella_enterica/atb.assembly.r0.2.batch.502.tar.xz
    95488716,salmonella_enterica/atb.assembly.r0.2.batch.503.tar.xz
   107642684,salmonella_enterica/atb.assembly.r0.2.batch.504.tar.xz
   111412440,salmonella_enterica/atb.assembly.r0.2.batch.505.tar.xz
   119433552,salmonella_enterica/atb.assembly.r0.2.batch.506.tar.xz
    95505480,salmonella_enterica/atb.assembly.r0.2.batch.507.tar.xz
    94801912,salmonella_enterica/atb.assembly.r0.2.batch.508.tar.xz
    98474868,salmonella_enterica/atb.assembly.r0.2.batch.509.tar.xz
    97702268,salmonella_enterica/atb.assembly.r0.2.batch.510.tar.xz
    95426936,salmonella_enterica/atb.assembly.r0.2.batch.511.tar.xz
    94825484,salmonella_enterica/atb.assembly.r0.2.batch.512.tar.xz
    96768764,salmonella_enterica/atb.assembly.r0.2.batch.513.tar.xz
    86509728,salmonella_enterica/atb.assembly.r0.2.batch.514.tar.xz
    93483272,salmonella_enterica/atb.assembly.r0.2.batch.515.tar.xz
    93319216,salmonella_enterica/atb.assembly.r0.2.batch.516.tar.xz
    92149876,salmonella_enterica/atb.assembly.r0.2.batch.517.tar.xz
    93361952,salmonella_enterica/atb.assembly.r0.2.batch.518.tar.xz
    99059304,salmonella_enterica/atb.assembly.r0.2.batch.519.tar.xz
    96835852,salmonella_enterica/atb.assembly.r0.2.batch.520.tar.xz
    95196048,salmonella_enterica/atb.assembly.r0.2.batch.521.tar.xz
    98977556,salmonella_enterica/atb.assembly.r0.2.batch.522.tar.xz
    93863760,salmonella_enterica/atb.assembly.r0.2.batch.523.tar.xz
    99657412,salmonella_enterica/atb.assembly.r0.2.batch.524.tar.xz
    93124904,salmonella_enterica/atb.assembly.r0.2.batch.525.tar.xz
    92785804,salmonella_enterica/atb.assembly.r0.2.batch.526.tar.xz
    91176976,salmonella_enterica/atb.assembly.r0.2.batch.527.tar.xz
    81856824,salmonella_enterica/atb.assembly.r0.2.batch.528.tar.xz
    79992000,salmonella_enterica/atb.assembly.r0.2.batch.529.tar.xz
    83803360,salmonella_enterica/atb.assembly.r0.2.batch.530.tar.xz
    84660216,salmonella_enterica/atb.assembly.r0.2.batch.531.tar.xz
    89769164,salmonella_enterica/atb.assembly.r0.2.batch.532.tar.xz
    88338044,salmonella_enterica/atb.assembly.r0.2.batch.533.tar.xz
    90686536,salmonella_enterica/atb.assembly.r0.2.batch.534.tar.xz
    93103252,salmonella_enterica/atb.assembly.r0.2.batch.535.tar.xz
    93384544,salmonella_enterica/atb.assembly.r0.2.batch.536.tar.xz
    97671020,salmonella_enterica/atb.assembly.r0.2.batch.537.tar.xz
    86778256,salmonella_enterica/atb.assembly.r0.2.batch.538.tar.xz
    80889852,salmonella_enterica/atb.assembly.r0.2.batch.539.tar.xz
   101426888,salmonella_enterica/atb.assembly.r0.2.batch.540.tar.xz
    81938108,salmonella_enterica/atb.assembly.r0.2.batch.541.tar.xz
    99430616,salmonella_enterica/atb.assembly.r0.2.batch.542.tar.xz
    95568528,salmonella_enterica/atb.assembly.r0.2.batch.543.tar.xz
    18337300,salmonella_houtenae/atb.assembly.incr_release.202408.batch.180.tar.xz
    65397268,salmonella_houtenae/atb.assembly.r0.2.batch.544.tar.xz
    48438668,sarcina_perfringens/atb.assembly.r0.2.batch.545.tar.xz
    25285136,serratia_marcescensk/atb.assembly.incr_release.202408.batch.181.tar.xz
    33677012,serratia_marcescensk/atb.assembly.r0.2.batch.546.tar.xz
    24024220,serratia_nevei/atb.assembly.incr_release.202408.batch.182.tar.xz
    36326788,serratia_nevei/atb.assembly.r0.2.batch.547.tar.xz
    20371284,serratia_ureilytica/atb.assembly.r0.2.batch.548.tar.xz
    51270568,sinorhizobium_meliloti/atb.assembly.r0.2.batch.549.tar.xz
     5666844,staphylococcus_argenteus/atb.assembly.r0.2.batch.550.tar.xz
    32215576,staphylococcus_aureus/atb.assembly.incr_release.202408.batch.183.tar.xz
    33870756,staphylococcus_aureus/atb.assembly.incr_release.202408.batch.184.tar.xz
    37465980,staphylococcus_aureus/atb.assembly.incr_release.202408.batch.185.tar.xz
    36554660,staphylococcus_aureus/atb.assembly.incr_release.202408.batch.186.tar.xz
    11487000,staphylococcus_aureus/atb.assembly.incr_release.202408.batch.187.tar.xz
    36583172,staphylococcus_aureus/atb.assembly.r0.2.batch.551.tar.xz
    28423132,staphylococcus_aureus/atb.assembly.r0.2.batch.552.tar.xz
    29927376,staphylococcus_aureus/atb.assembly.r0.2.batch.553.tar.xz
    31824556,staphylococcus_aureus/atb.assembly.r0.2.batch.554.tar.xz
    31448960,staphylococcus_aureus/atb.assembly.r0.2.batch.555.tar.xz
    28590860,staphylococcus_aureus/atb.assembly.r0.2.batch.556.tar.xz
    37522828,staphylococcus_aureus/atb.assembly.r0.2.batch.557.tar.xz
    35483132,staphylococcus_aureus/atb.assembly.r0.2.batch.558.tar.xz
    32331120,staphylococcus_aureus/atb.assembly.r0.2.batch.559.tar.xz
    33282740,staphylococcus_aureus/atb.assembly.r0.2.batch.560.tar.xz
    38740144,staphylococcus_aureus/atb.assembly.r0.2.batch.561.tar.xz
    28611672,staphylococcus_aureus/atb.assembly.r0.2.batch.562.tar.xz
    34633516,staphylococcus_aureus/atb.assembly.r0.2.batch.563.tar.xz
    34356132,staphylococcus_aureus/atb.assembly.r0.2.batch.564.tar.xz
    34662708,staphylococcus_aureus/atb.assembly.r0.2.batch.565.tar.xz
    27236696,staphylococcus_aureus/atb.assembly.r0.2.batch.566.tar.xz
    37430660,staphylococcus_aureus/atb.assembly.r0.2.batch.567.tar.xz
    31740268,staphylococcus_aureus/atb.assembly.r0.2.batch.568.tar.xz
    36813548,staphylococcus_aureus/atb.assembly.r0.2.batch.569.tar.xz
    33581924,staphylococcus_aureus/atb.assembly.r0.2.batch.570.tar.xz
    32806464,staphylococcus_aureus/atb.assembly.r0.2.batch.571.tar.xz
    36138828,staphylococcus_aureus/atb.assembly.r0.2.batch.572.tar.xz
    32244880,staphylococcus_aureus/atb.assembly.r0.2.batch.573.tar.xz
    32070000,staphylococcus_aureus/atb.assembly.r0.2.batch.574.tar.xz
    35254140,staphylococcus_aureus/atb.assembly.r0.2.batch.575.tar.xz
    29846184,staphylococcus_aureus/atb.assembly.r0.2.batch.576.tar.xz
     7372252,staphylococcus_aureus/atb.assembly.r0.2.batch.577.tar.xz
    10601132,staphylococcus_capitis/atb.assembly.r0.2.batch.578.tar.xz
     6112900,staphylococcus_chromogenes/atb.assembly.r0.2.batch.579.tar.xz
    17664864,staphylococcus_epidermidis/atb.assembly.incr_release.202408.batch.188.tar.xz
    64983828,staphylococcus_epidermidis/atb.assembly.r0.2.batch.580.tar.xz
    23423620,staphylococcus_epidermidis/atb.assembly.r0.2.batch.581.tar.xz
     7001676,staphylococcus_haemolyticus/atb.assembly.incr_release.202408.batch.189.tar.xz
    20246728,staphylococcus_haemolyticus/atb.assembly.r0.2.batch.582.tar.xz
    14195992,staphylococcus_hominis/atb.assembly.r0.2.batch.583.tar.xz
    35525440,staphylococcus_pseudintermedius/atb.assembly.incr_release.202408.batch.190.tar.xz
    63904756,staphylococcus_pseudintermedius/atb.assembly.r0.2.batch.584.tar.xz
    10299328,staphylococcus_saprophyticus/atb.assembly.incr_release.202408.batch.191.tar.xz
    12978848,staphylococcus_saprophyticus/atb.assembly.r0.2.batch.585.tar.xz
     6659820,staphylococcus_simulans/atb.assembly.r0.2.batch.586.tar.xz
     7154068,staphylococcus_xylosus/atb.assembly.r0.2.batch.587.tar.xz
    16653428,stenotrophomonas_maltophilia/atb.assembly.incr_release.202408.batch.192.tar.xz
    54789344,stenotrophomonas_maltophilia/atb.assembly.r0.2.batch.588.tar.xz
    16236592,stenotrophomonas_maltophiliaf/atb.assembly.r0.2.batch.589.tar.xz
    27939084,streptococcus_agalactiae/atb.assembly.incr_release.202408.batch.193.tar.xz
    26132380,streptococcus_agalactiae/atb.assembly.incr_release.202408.batch.194.tar.xz
    26342780,streptococcus_agalactiae/atb.assembly.incr_release.202408.batch.195.tar.xz
    17374632,streptococcus_agalactiae/atb.assembly.incr_release.202408.batch.196.tar.xz
    30512300,streptococcus_agalactiae/atb.assembly.r0.2.batch.590.tar.xz
    29259760,streptococcus_agalactiae/atb.assembly.r0.2.batch.591.tar.xz
    28662600,streptococcus_agalactiae/atb.assembly.r0.2.batch.592.tar.xz
    29700068,streptococcus_agalactiae/atb.assembly.r0.2.batch.593.tar.xz
    28343980,streptococcus_agalactiae/atb.assembly.r0.2.batch.594.tar.xz
    21812928,streptococcus_agalactiae/atb.assembly.r0.2.batch.595.tar.xz
    22554820,streptococcus_dysgalactiae/atb.assembly.r0.2.batch.596.tar.xz
    11102488,streptococcus_equi/atb.assembly.incr_release.202408.batch.197.tar.xz
    16388912,streptococcus_equi/atb.assembly.r0.2.batch.597.tar.xz
     7323280,streptococcus_mutans/atb.assembly.r0.2.batch.598.tar.xz
    49335372,streptococcus_pneumoniae/atb.assembly.incr_release.202408.batch.198.tar.xz
    45146596,streptococcus_pneumoniae/atb.assembly.incr_release.202408.batch.199.tar.xz
    37712588,streptococcus_pneumoniae/atb.assembly.incr_release.202408.batch.200.tar.xz
    41164512,streptococcus_pneumoniae/atb.assembly.incr_release.202408.batch.201.tar.xz
    33409248,streptococcus_pneumoniae/atb.assembly.incr_release.202408.batch.202.tar.xz
    25904668,streptococcus_pneumoniae/atb.assembly.incr_release.202408.batch.203.tar.xz
    11191800,streptococcus_pneumoniae/atb.assembly.incr_release.202408.batch.204.tar.xz
    45951720,streptococcus_pneumoniae/atb.assembly.r0.2.batch.599.tar.xz
    48678280,streptococcus_pneumoniae/atb.assembly.r0.2.batch.600.tar.xz
    47801996,streptococcus_pneumoniae/atb.assembly.r0.2.batch.601.tar.xz
    42554072,streptococcus_pneumoniae/atb.assembly.r0.2.batch.602.tar.xz
    48217132,streptococcus_pneumoniae/atb.assembly.r0.2.batch.603.tar.xz
    49206736,streptococcus_pneumoniae/atb.assembly.r0.2.batch.604.tar.xz
    49165824,streptococcus_pneumoniae/atb.assembly.r0.2.batch.605.tar.xz
    43100264,streptococcus_pneumoniae/atb.assembly.r0.2.batch.606.tar.xz
    41655032,streptococcus_pneumoniae/atb.assembly.r0.2.batch.607.tar.xz
    56252556,streptococcus_pneumoniae/atb.assembly.r0.2.batch.608.tar.xz
    30529396,streptococcus_pneumoniae/atb.assembly.r0.2.batch.609.tar.xz
    50010352,streptococcus_pneumoniae/atb.assembly.r0.2.batch.610.tar.xz
    43937468,streptococcus_pneumoniae/atb.assembly.r0.2.batch.611.tar.xz
    42450636,streptococcus_pneumoniae/atb.assembly.r0.2.batch.612.tar.xz
    35130180,streptococcus_pneumoniae/atb.assembly.r0.2.batch.613.tar.xz
    38651504,streptococcus_pneumoniae/atb.assembly.r0.2.batch.614.tar.xz
    46764324,streptococcus_pneumoniae/atb.assembly.r0.2.batch.615.tar.xz
    47591884,streptococcus_pneumoniae/atb.assembly.r0.2.batch.616.tar.xz
    43129888,streptococcus_pneumoniae/atb.assembly.r0.2.batch.617.tar.xz
    31824256,streptococcus_pneumoniae/atb.assembly.r0.2.batch.618.tar.xz
    27159184,streptococcus_pneumoniae/atb.assembly.r0.2.batch.619.tar.xz
    36335896,streptococcus_pneumoniae/atb.assembly.r0.2.batch.620.tar.xz
    28142560,streptococcus_pneumoniae/atb.assembly.r0.2.batch.621.tar.xz
    33471416,streptococcus_pneumoniae/atb.assembly.r0.2.batch.622.tar.xz
     3020372,streptococcus_pneumoniae/atb.assembly.r0.2.batch.623.tar.xz
    18040936,streptococcus_pseudopneumoniae/atb.assembly.r0.2.batch.624.tar.xz
    16374608,streptococcus_pyogenes/atb.assembly.incr_release.202408.batch.205.tar.xz
    20371916,streptococcus_pyogenes/atb.assembly.incr_release.202408.batch.206.tar.xz
    16998588,streptococcus_pyogenes/atb.assembly.incr_release.202408.batch.207.tar.xz
    10386016,streptococcus_pyogenes/atb.assembly.incr_release.202408.batch.208.tar.xz
    22544772,streptococcus_pyogenes/atb.assembly.r0.2.batch.625.tar.xz
    18111452,streptococcus_pyogenes/atb.assembly.r0.2.batch.626.tar.xz
    19076368,streptococcus_pyogenes/atb.assembly.r0.2.batch.627.tar.xz
    20840332,streptococcus_pyogenes/atb.assembly.r0.2.batch.628.tar.xz
    15268764,streptococcus_pyogenes/atb.assembly.r0.2.batch.629.tar.xz
    18552696,streptococcus_pyogenes/atb.assembly.r0.2.batch.630.tar.xz
    15698228,streptococcus_pyogenes/atb.assembly.r0.2.batch.631.tar.xz
    17768452,streptococcus_pyogenes/atb.assembly.r0.2.batch.632.tar.xz
    33014380,streptococcus_suis/atb.assembly.incr_release.202408.batch.209.tar.xz
    45733388,streptococcus_suis/atb.assembly.r0.2.batch.633.tar.xz
    13098520,streptococcus_suisp/atb.assembly.incr_release.202408.batch.210.tar.xz
    11067476,streptococcus_suisw/atb.assembly.r0.2.batch.634.tar.xz
    14888256,streptococcus_uberis/atb.assembly.incr_release.202408.batch.211.tar.xz
    11026308,streptococcus_uberis/atb.assembly.r0.2.batch.635.tar.xz
    13634712,stutzerimonas_stutzeri/atb.assembly.r0.2.batch.636.tar.xz
    10780376,treponema_pallidum/atb.assembly.r0.2.batch.637.tar.xz
  1060166876,unknown/atb.assembly.incr_release.202408.batch.212.tar.xz
  1821763532,unknown/atb.assembly.incr_release.202408.batch.213.tar.xz
  1280414824,unknown/atb.assembly.incr_release.202408.batch.214.tar.xz
  1808178812,unknown/atb.assembly.incr_release.202408.batch.215.tar.xz
   141637244,unknown/atb.assembly.incr_release.202408.batch.216.tar.xz
  1434227004,unknown/atb.assembly.r0.2.batch.638.tar.xz
  1323324688,unknown/atb.assembly.r0.2.batch.639.tar.xz
   875394700,unknown/atb.assembly.r0.2.batch.640.tar.xz
  1351937248,unknown/atb.assembly.r0.2.batch.641.tar.xz
  1390268852,unknown/atb.assembly.r0.2.batch.642.tar.xz
  1433967420,unknown/atb.assembly.r0.2.batch.643.tar.xz
  1099770876,unknown/atb.assembly.r0.2.batch.644.tar.xz
  1471604524,unknown/atb.assembly.r0.2.batch.645.tar.xz
  1397083184,unknown/atb.assembly.r0.2.batch.646.tar.xz
  1505726020,unknown/atb.assembly.r0.2.batch.647.tar.xz
  1579341156,unknown/atb.assembly.r0.2.batch.648.tar.xz
  1410225156,unknown/atb.assembly.r0.2.batch.649.tar.xz
  1102577280,unknown/atb.assembly.r0.2.batch.650.tar.xz
  1257319412,unknown/atb.assembly.r0.2.batch.651.tar.xz
   371021556,unknown/atb.assembly.r0.2.batch.652.tar.xz
    33324380,vibrio_alginolyticus/atb.assembly.r0.2.batch.653.tar.xz
    66607568,vibrio_cholerae/atb.assembly.incr_release.202408.batch.217.tar.xz
    56122620,vibrio_cholerae/atb.assembly.r0.2.batch.654.tar.xz
    56723664,vibrio_cholerae/atb.assembly.r0.2.batch.655.tar.xz
    91987516,vibrio_cholerae/atb.assembly.r0.2.batch.656.tar.xz
    21428720,vibrio_fluvialis/atb.assembly.r0.2.batch.657.tar.xz
     4910188,vibrio_mediterranei/atb.assembly.r0.2.batch.658.tar.xz
    86548096,vibrio_parahaemolyticus/atb.assembly.incr_release.202408.batch.218.tar.xz
   182330544,vibrio_parahaemolyticus/atb.assembly.r0.2.batch.659.tar.xz
   150268232,vibrio_parahaemolyticus/atb.assembly.r0.2.batch.660.tar.xz
    59488320,vibrio_vulnificus/atb.assembly.incr_release.202408.batch.219.tar.xz
    68977520,vibrio_vulnificus/atb.assembly.r0.2.batch.661.tar.xz
    23119488,xanthomonas_campestris/atb.assembly.incr_release.202408.batch.220.tar.xz
     8724484,xanthomonas_cissicola/atb.assembly.incr_release.202408.batch.221.tar.xz
    11727136,xanthomonas_euvesicatoria/atb.assembly.r0.2.batch.662.tar.xz
    13387796,xanthomonas_oryzae/atb.assembly.r0.2.batch.663.tar.xz
    50265076,yersinia_enterocolitica/atb.assembly.incr_release.202408.batch.222.tar.xz
    63147396,yersinia_enterocolitica/atb.assembly.r0.2.batch.664.tar.xz
     6347212,yersinia_pestis/atb.assembly.incr_release.202408.batch.223.tar.xz
    31222632,yersinia_pestis/atb.assembly.r0.2.batch.665.tar.xz
103274823132,total
