5	./mycobacterium_tuberculosis__13/SAMN09725685.fa
5	./mycobacterium_tuberculosis__13/SAMN09725686.fa
5	./mycobacterium_tuberculosis__13/SAMN09725687.fa
5	./mycobacterium_tuberculosis__13/SAMN09725688.fa
5	./mycobacterium_tuberculosis__13/SAMN09725689.fa
5	./mycobacterium_tuberculosis__13/SAMN09725690.fa
5	./mycobacterium_tuberculosis__13/SAMN09725691.fa
5	./mycobacterium_tuberculosis__13/SAMN09725692.fa
5	./mycobacterium_tuberculosis__13/SAMN09725693.fa
5	./mycobacterium_tuberculosis__13/SAMN09725694.fa
5	./mycobacterium_tuberculosis__13/SAMN09725695.fa
5	./mycobacterium_tuberculosis__13/SAMN09725697.fa
5	./mycobacterium_tuberculosis__13/SAMN09725698.fa
5	./mycobacterium_tuberculosis__13/SAMN09725699.fa
5	./mycobacterium_tuberculosis__13/SAMN09725700.fa
5	./mycobacterium_tuberculosis__13/SAMN09725701.fa
5	./mycobacterium_tuberculosis__13/SAMN09725702.fa
5	./mycobacterium_tuberculosis__13/SAMN09725703.fa
5	./mycobacterium_tuberculosis__13/SAMN09725706.fa
5	./mycobacterium_tuberculosis__13/SAMN09725713.fa
5	./mycobacterium_tuberculosis__13/SAMN09725716.fa
5	./mycobacterium_tuberculosis__13/SAMN09725717.fa
5	./mycobacterium_tuberculosis__13/SAMN09725719.fa
5	./mycobacterium_tuberculosis__13/SAMN09725721.fa
5	./mycobacterium_tuberculosis__13/SAMN09725727.fa
5	./mycobacterium_tuberculosis__13/SAMN09725728.fa
5	./mycobacterium_tuberculosis__13/SAMN09725733.fa
5	./mycobacterium_tuberculosis__13/SAMN09725734.fa
5	./mycobacterium_tuberculosis__13/SAMN09725735.fa
5	./mycobacterium_tuberculosis__13/SAMN09725736.fa
5	./mycobacterium_tuberculosis__13/SAMN09725740.fa
5	./mycobacterium_tuberculosis__13/SAMN09725741.fa
5	./mycobacterium_tuberculosis__13/SAMN09725742.fa
5	./mycobacterium_tuberculosis__13/SAMN09725743.fa
5	./mycobacterium_tuberculosis__13/SAMN09725744.fa
5	./mycobacterium_tuberculosis__13/SAMN09725745.fa
5	./mycobacterium_tuberculosis__13/SAMN09725749.fa
5	./mycobacterium_tuberculosis__13/SAMN09725765.fa
5	./mycobacterium_tuberculosis__13/SAMN09725766.fa
5	./mycobacterium_tuberculosis__13/SAMN09725767.fa
5	./mycobacterium_tuberculosis__13/SAMN09725768.fa
5	./mycobacterium_tuberculosis__13/SAMN09725769.fa
5	./mycobacterium_tuberculosis__13/SAMN09725770.fa
5	./mycobacterium_tuberculosis__13/SAMN09725771.fa
5	./mycobacterium_tuberculosis__13/SAMN09725772.fa
5	./mycobacterium_tuberculosis__13/SAMN09725775.fa
5	./mycobacterium_tuberculosis__13/SAMN09725776.fa
5	./mycobacterium_tuberculosis__13/SAMN09725777.fa
5	./mycobacterium_tuberculosis__13/SAMN09725778.fa
5	./mycobacterium_tuberculosis__13/SAMN09725779.fa
5	./mycobacterium_tuberculosis__13/SAMN09725780.fa
5	./mycobacterium_tuberculosis__13/SAMN09725781.fa
5	./mycobacterium_tuberculosis__13/SAMN09725782.fa
5	./mycobacterium_tuberculosis__13/SAMN09725783.fa
5	./mycobacterium_tuberculosis__13/SAMN09725784.fa
5	./mycobacterium_tuberculosis__13/SAMN09725785.fa
5	./mycobacterium_tuberculosis__13/SAMN09725786.fa
5	./mycobacterium_tuberculosis__13/SAMN09725788.fa
5	./mycobacterium_tuberculosis__13/SAMN09725789.fa
5	./mycobacterium_tuberculosis__13/SAMN09725791.fa
5	./mycobacterium_tuberculosis__13/SAMN09725793.fa
5	./mycobacterium_tuberculosis__13/SAMN09725797.fa
5	./mycobacterium_tuberculosis__13/SAMN09725798.fa
5	./mycobacterium_tuberculosis__13/SAMN09725799.fa
5	./mycobacterium_tuberculosis__13/SAMN09725800.fa
5	./mycobacterium_tuberculosis__13/SAMN09725801.fa
5	./mycobacterium_tuberculosis__13/SAMN09725802.fa
5	./mycobacterium_tuberculosis__13/SAMN09725804.fa
5	./mycobacterium_tuberculosis__13/SAMN09725805.fa
5	./mycobacterium_tuberculosis__13/SAMN09725806.fa
5	./mycobacterium_tuberculosis__13/SAMN09725809.fa
5	./mycobacterium_tuberculosis__13/SAMN09725810.fa
5	./mycobacterium_tuberculosis__13/SAMN09725811.fa
5	./mycobacterium_tuberculosis__13/SAMN09725812.fa
5	./mycobacterium_tuberculosis__13/SAMN09725813.fa
5	./mycobacterium_tuberculosis__13/SAMN09725814.fa
5	./mycobacterium_tuberculosis__13/SAMN09725815.fa
5	./mycobacterium_tuberculosis__13/SAMN09725816.fa
5	./mycobacterium_tuberculosis__13/SAMN09725817.fa
5	./mycobacterium_tuberculosis__13/SAMN09725818.fa
5	./mycobacterium_tuberculosis__13/SAMN09725819.fa
5	./mycobacterium_tuberculosis__13/SAMN09725820.fa
5	./mycobacterium_tuberculosis__13/SAMN09725821.fa
5	./mycobacterium_tuberculosis__13/SAMN09725822.fa
5	./mycobacterium_tuberculosis__13/SAMN09725823.fa
5	./mycobacterium_tuberculosis__13/SAMN09725824.fa
5	./mycobacterium_tuberculosis__13/SAMN09725825.fa
5	./mycobacterium_tuberculosis__13/SAMN09725827.fa
5	./mycobacterium_tuberculosis__13/SAMN09725828.fa
5	./mycobacterium_tuberculosis__13/SAMN09725829.fa
5	./mycobacterium_tuberculosis__13/SAMN09725830.fa
5	./mycobacterium_tuberculosis__13/SAMN09725831.fa
5	./mycobacterium_tuberculosis__13/SAMN09725832.fa
5	./mycobacterium_tuberculosis__13/SAMN09725833.fa
5	./mycobacterium_tuberculosis__13/SAMN09725834.fa
5	./mycobacterium_tuberculosis__13/SAMN09725836.fa
5	./mycobacterium_tuberculosis__13/SAMN09725837.fa
5	./mycobacterium_tuberculosis__13/SAMN09725838.fa
5	./mycobacterium_tuberculosis__13/SAMN09756048.fa
5	./mycobacterium_tuberculosis__13/SAMN09756049.fa
5	./mycobacterium_tuberculosis__13/SAMN09756050.fa
5	./mycobacterium_tuberculosis__13/SAMN09756051.fa
5	./mycobacterium_tuberculosis__13/SAMN09756052.fa
5	./mycobacterium_tuberculosis__13/SAMN09756053.fa
5	./mycobacterium_tuberculosis__13/SAMN09756054.fa
5	./mycobacterium_tuberculosis__13/SAMN09756055.fa
5	./mycobacterium_tuberculosis__13/SAMN09756056.fa
5	./mycobacterium_tuberculosis__13/SAMN09756057.fa
5	./mycobacterium_tuberculosis__13/SAMN09756058.fa
5	./mycobacterium_tuberculosis__13/SAMN09756059.fa
5	./mycobacterium_tuberculosis__13/SAMN09756060.fa
5	./mycobacterium_tuberculosis__13/SAMN09756061.fa
5	./mycobacterium_tuberculosis__13/SAMN09756062.fa
5	./mycobacterium_tuberculosis__13/SAMN09756063.fa
5	./mycobacterium_tuberculosis__13/SAMN09756064.fa
5	./mycobacterium_tuberculosis__13/SAMN09756065.fa
5	./mycobacterium_tuberculosis__13/SAMN09756066.fa
5	./mycobacterium_tuberculosis__13/SAMN09756067.fa
8	./mycobacterium_tuberculosis__13/SAMN09756068.fa
5	./mycobacterium_tuberculosis__13/SAMN09756069.fa
5	./mycobacterium_tuberculosis__13/SAMN09756070.fa
5	./mycobacterium_tuberculosis__13/SAMN09756071.fa
5	./mycobacterium_tuberculosis__13/SAMN09756072.fa
5	./mycobacterium_tuberculosis__13/SAMN09756073.fa
5	./mycobacterium_tuberculosis__13/SAMN09756074.fa
5	./mycobacterium_tuberculosis__13/SAMN09756075.fa
5	./mycobacterium_tuberculosis__13/SAMN09756076.fa
5	./mycobacterium_tuberculosis__13/SAMN09756077.fa
5	./mycobacterium_tuberculosis__13/SAMN09756078.fa
5	./mycobacterium_tuberculosis__13/SAMN09756079.fa
5	./mycobacterium_tuberculosis__13/SAMN09756080.fa
5	./mycobacterium_tuberculosis__13/SAMN09756081.fa
5	./mycobacterium_tuberculosis__13/SAMN09756082.fa
5	./mycobacterium_tuberculosis__13/SAMN09756083.fa
5	./mycobacterium_tuberculosis__13/SAMN09756084.fa
5	./mycobacterium_tuberculosis__13/SAMN09756085.fa
5	./mycobacterium_tuberculosis__13/SAMN09756086.fa
5	./mycobacterium_tuberculosis__13/SAMN09756087.fa
5	./mycobacterium_tuberculosis__13/SAMN09756088.fa
5	./mycobacterium_tuberculosis__13/SAMN09756089.fa
5	./mycobacterium_tuberculosis__13/SAMN09756090.fa
5	./mycobacterium_tuberculosis__13/SAMN09756091.fa
5	./mycobacterium_tuberculosis__13/SAMN09756092.fa
5	./mycobacterium_tuberculosis__13/SAMN09756093.fa
5	./mycobacterium_tuberculosis__13/SAMN09756094.fa
5	./mycobacterium_tuberculosis__13/SAMN09756095.fa
5	./mycobacterium_tuberculosis__13/SAMN09756096.fa
5	./mycobacterium_tuberculosis__13/SAMN09756097.fa
5	./mycobacterium_tuberculosis__13/SAMN09756098.fa
5	./mycobacterium_tuberculosis__13/SAMN09756099.fa
5	./mycobacterium_tuberculosis__13/SAMN09756100.fa
5	./mycobacterium_tuberculosis__13/SAMN09756101.fa
5	./mycobacterium_tuberculosis__13/SAMN09756102.fa
5	./mycobacterium_tuberculosis__13/SAMN09756103.fa
5	./mycobacterium_tuberculosis__13/SAMN09756104.fa
5	./mycobacterium_tuberculosis__13/SAMN09756105.fa
7	./mycobacterium_tuberculosis__13/SAMN09756106.fa
5	./mycobacterium_tuberculosis__13/SAMN09756107.fa
5	./mycobacterium_tuberculosis__13/SAMN09756108.fa
5	./mycobacterium_tuberculosis__13/SAMN09756109.fa
5	./mycobacterium_tuberculosis__13/SAMN09756110.fa
5	./mycobacterium_tuberculosis__13/SAMN09756111.fa
5	./mycobacterium_tuberculosis__13/SAMN09756112.fa
5	./mycobacterium_tuberculosis__13/SAMN09756113.fa
5	./mycobacterium_tuberculosis__13/SAMN09756114.fa
5	./mycobacterium_tuberculosis__13/SAMN09756115.fa
5	./mycobacterium_tuberculosis__13/SAMN09756116.fa
5	./mycobacterium_tuberculosis__13/SAMN09756117.fa
5	./mycobacterium_tuberculosis__13/SAMN09756118.fa
5	./mycobacterium_tuberculosis__13/SAMN09756119.fa
5	./mycobacterium_tuberculosis__13/SAMN09756120.fa
5	./mycobacterium_tuberculosis__13/SAMN09756121.fa
5	./mycobacterium_tuberculosis__13/SAMN09756122.fa
5	./mycobacterium_tuberculosis__13/SAMN09756123.fa
5	./mycobacterium_tuberculosis__13/SAMN09756124.fa
5	./mycobacterium_tuberculosis__13/SAMN09756125.fa
5	./mycobacterium_tuberculosis__13/SAMN09756126.fa
5	./mycobacterium_tuberculosis__13/SAMN09756127.fa
5	./mycobacterium_tuberculosis__13/SAMN09756128.fa
5	./mycobacterium_tuberculosis__13/SAMN09756129.fa
5	./mycobacterium_tuberculosis__13/SAMN09756130.fa
5	./mycobacterium_tuberculosis__13/SAMN09756131.fa
5	./mycobacterium_tuberculosis__13/SAMN09756132.fa
5	./mycobacterium_tuberculosis__13/SAMN09756133.fa
5	./mycobacterium_tuberculosis__13/SAMN09756134.fa
5	./mycobacterium_tuberculosis__13/SAMN09756135.fa
5	./mycobacterium_tuberculosis__13/SAMN09756136.fa
5	./mycobacterium_tuberculosis__13/SAMN09756137.fa
5	./mycobacterium_tuberculosis__13/SAMN09756138.fa
5	./mycobacterium_tuberculosis__13/SAMN09756139.fa
5	./mycobacterium_tuberculosis__13/SAMN09756140.fa
5	./mycobacterium_tuberculosis__13/SAMN09756141.fa
5	./mycobacterium_tuberculosis__13/SAMN09756142.fa
5	./mycobacterium_tuberculosis__13/SAMN09756143.fa
5	./mycobacterium_tuberculosis__13/SAMN09756144.fa
5	./mycobacterium_tuberculosis__13/SAMN09756145.fa
5	./mycobacterium_tuberculosis__13/SAMN09756146.fa
5	./mycobacterium_tuberculosis__13/SAMN09756147.fa
5	./mycobacterium_tuberculosis__13/SAMN09756148.fa
5	./mycobacterium_tuberculosis__13/SAMN09756149.fa
5	./mycobacterium_tuberculosis__13/SAMN09756150.fa
5	./mycobacterium_tuberculosis__13/SAMN09756151.fa
5	./mycobacterium_tuberculosis__13/SAMN09756152.fa
5	./mycobacterium_tuberculosis__13/SAMN09756153.fa
5	./mycobacterium_tuberculosis__13/SAMN09756154.fa
5	./mycobacterium_tuberculosis__13/SAMN09756155.fa
5	./mycobacterium_tuberculosis__13/SAMN09756156.fa
5	./mycobacterium_tuberculosis__13/SAMN09756157.fa
5	./mycobacterium_tuberculosis__13/SAMN09756158.fa
5	./mycobacterium_tuberculosis__13/SAMN09756159.fa
5	./mycobacterium_tuberculosis__13/SAMN09756160.fa
5	./mycobacterium_tuberculosis__13/SAMN09756161.fa
5	./mycobacterium_tuberculosis__13/SAMN09756162.fa
5	./mycobacterium_tuberculosis__13/SAMN09756163.fa
5	./mycobacterium_tuberculosis__13/SAMN09756164.fa
5	./mycobacterium_tuberculosis__13/SAMN09756165.fa
5	./mycobacterium_tuberculosis__13/SAMN09756166.fa
5	./mycobacterium_tuberculosis__13/SAMN09756167.fa
5	./mycobacterium_tuberculosis__13/SAMN09756168.fa
5	./mycobacterium_tuberculosis__13/SAMN09756169.fa
8	./mycobacterium_tuberculosis__13/SAMN09756170.fa
5	./mycobacterium_tuberculosis__13/SAMN09756171.fa
7	./mycobacterium_tuberculosis__13/SAMN09756172.fa
7	./mycobacterium_tuberculosis__13/SAMN09756173.fa
7	./mycobacterium_tuberculosis__13/SAMN09756174.fa
5	./mycobacterium_tuberculosis__13/SAMN09756175.fa
5	./mycobacterium_tuberculosis__13/SAMN09756176.fa
5	./mycobacterium_tuberculosis__13/SAMN09756177.fa
5	./mycobacterium_tuberculosis__13/SAMN09756178.fa
8	./mycobacterium_tuberculosis__13/SAMN09756179.fa
5	./mycobacterium_tuberculosis__13/SAMN09756180.fa
5	./mycobacterium_tuberculosis__13/SAMN09756181.fa
5	./mycobacterium_tuberculosis__13/SAMN09756182.fa
7	./mycobacterium_tuberculosis__13/SAMN09756183.fa
5	./mycobacterium_tuberculosis__13/SAMN09756184.fa
5	./mycobacterium_tuberculosis__13/SAMN09756185.fa
5	./mycobacterium_tuberculosis__13/SAMN09756186.fa
5	./mycobacterium_tuberculosis__13/SAMN09756187.fa
5	./mycobacterium_tuberculosis__13/SAMN09756188.fa
5	./mycobacterium_tuberculosis__13/SAMN09756189.fa
6	./mycobacterium_tuberculosis__13/SAMN09756190.fa
5	./mycobacterium_tuberculosis__13/SAMN09756191.fa
7	./mycobacterium_tuberculosis__13/SAMN09756192.fa
5	./mycobacterium_tuberculosis__13/SAMN09756193.fa
7	./mycobacterium_tuberculosis__13/SAMN09756194.fa
7	./mycobacterium_tuberculosis__13/SAMN09756195.fa
5	./mycobacterium_tuberculosis__13/SAMN09756196.fa
7	./mycobacterium_tuberculosis__13/SAMN09756197.fa
5	./mycobacterium_tuberculosis__13/SAMN09756198.fa
5	./mycobacterium_tuberculosis__13/SAMN09756199.fa
7	./mycobacterium_tuberculosis__13/SAMN09756200.fa
5	./mycobacterium_tuberculosis__13/SAMN09756201.fa
5	./mycobacterium_tuberculosis__13/SAMN09756202.fa
5	./mycobacterium_tuberculosis__13/SAMN09756204.fa
5	./mycobacterium_tuberculosis__13/SAMN09756205.fa
5	./mycobacterium_tuberculosis__13/SAMN09756206.fa
5	./mycobacterium_tuberculosis__13/SAMN09756207.fa
8	./mycobacterium_tuberculosis__13/SAMN09756208.fa
7	./mycobacterium_tuberculosis__13/SAMN09756209.fa
5	./mycobacterium_tuberculosis__13/SAMN09756210.fa
5	./mycobacterium_tuberculosis__13/SAMN09756211.fa
5	./mycobacterium_tuberculosis__13/SAMN09756212.fa
5	./mycobacterium_tuberculosis__13/SAMN09756213.fa
5	./mycobacterium_tuberculosis__13/SAMN09756214.fa
5	./mycobacterium_tuberculosis__13/SAMN09756216.fa
5	./mycobacterium_tuberculosis__13/SAMN09756217.fa
5	./mycobacterium_tuberculosis__13/SAMN09756218.fa
5	./mycobacterium_tuberculosis__13/SAMN09756219.fa
5	./mycobacterium_tuberculosis__13/SAMN09756220.fa
5	./mycobacterium_tuberculosis__13/SAMN09756221.fa
5	./mycobacterium_tuberculosis__13/SAMN09756222.fa
5	./mycobacterium_tuberculosis__13/SAMN09756223.fa
5	./mycobacterium_tuberculosis__13/SAMN09756224.fa
5	./mycobacterium_tuberculosis__13/SAMN09756225.fa
5	./mycobacterium_tuberculosis__13/SAMN09756226.fa
5	./mycobacterium_tuberculosis__13/SAMN09756227.fa
5	./mycobacterium_tuberculosis__13/SAMN09756228.fa
5	./mycobacterium_tuberculosis__13/SAMN09756229.fa
5	./mycobacterium_tuberculosis__13/SAMN09756230.fa
5	./mycobacterium_tuberculosis__13/SAMN09756231.fa
5	./mycobacterium_tuberculosis__13/SAMN09756232.fa
5	./mycobacterium_tuberculosis__13/SAMN09756233.fa
5	./mycobacterium_tuberculosis__13/SAMN09756234.fa
5	./mycobacterium_tuberculosis__13/SAMN09756235.fa
5	./mycobacterium_tuberculosis__13/SAMN09756236.fa
5	./mycobacterium_tuberculosis__13/SAMN09756237.fa
5	./mycobacterium_tuberculosis__13/SAMN09756238.fa
5	./mycobacterium_tuberculosis__13/SAMN09756239.fa
5	./mycobacterium_tuberculosis__13/SAMN09756240.fa
8	./mycobacterium_tuberculosis__13/SAMN09756241.fa
5	./mycobacterium_tuberculosis__13/SAMN09756242.fa
5	./mycobacterium_tuberculosis__13/SAMN09756243.fa
5	./mycobacterium_tuberculosis__13/SAMN09756244.fa
5	./mycobacterium_tuberculosis__13/SAMN09756245.fa
5	./mycobacterium_tuberculosis__13/SAMN09756246.fa
5	./mycobacterium_tuberculosis__13/SAMN09756247.fa
5	./mycobacterium_tuberculosis__13/SAMN09756248.fa
5	./mycobacterium_tuberculosis__13/SAMN09756249.fa
5	./mycobacterium_tuberculosis__13/SAMN09756250.fa
5	./mycobacterium_tuberculosis__13/SAMN09756251.fa
5	./mycobacterium_tuberculosis__13/SAMN09756252.fa
5	./mycobacterium_tuberculosis__13/SAMN09756253.fa
5	./mycobacterium_tuberculosis__13/SAMN09756254.fa
5	./mycobacterium_tuberculosis__13/SAMN09756255.fa
5	./mycobacterium_tuberculosis__13/SAMN09756256.fa
11	./mycobacterium_tuberculosis__13/SAMN09756257.fa
5	./mycobacterium_tuberculosis__13/SAMN09756258.fa
5	./mycobacterium_tuberculosis__13/SAMN09756259.fa
5	./mycobacterium_tuberculosis__13/SAMN09756260.fa
5	./mycobacterium_tuberculosis__13/SAMN09756262.fa
5	./mycobacterium_tuberculosis__13/SAMN09756263.fa
5	./mycobacterium_tuberculosis__13/SAMN09756264.fa
5	./mycobacterium_tuberculosis__13/SAMN09756265.fa
5	./mycobacterium_tuberculosis__13/SAMN09756266.fa
5	./mycobacterium_tuberculosis__13/SAMN09756267.fa
5	./mycobacterium_tuberculosis__13/SAMN09756268.fa
5	./mycobacterium_tuberculosis__13/SAMN09756269.fa
5	./mycobacterium_tuberculosis__13/SAMN09756270.fa
5	./mycobacterium_tuberculosis__13/SAMN09756271.fa
5	./mycobacterium_tuberculosis__13/SAMN09756272.fa
5	./mycobacterium_tuberculosis__13/SAMN09756273.fa
5	./mycobacterium_tuberculosis__13/SAMN09756274.fa
5	./mycobacterium_tuberculosis__13/SAMN09756275.fa
5	./mycobacterium_tuberculosis__13/SAMN09756276.fa
5	./mycobacterium_tuberculosis__13/SAMN09756277.fa
5	./mycobacterium_tuberculosis__13/SAMN09756278.fa
5	./mycobacterium_tuberculosis__13/SAMN09756279.fa
5	./mycobacterium_tuberculosis__13/SAMN09756280.fa
5	./mycobacterium_tuberculosis__13/SAMN09756281.fa
5	./mycobacterium_tuberculosis__13/SAMN09756282.fa
5	./mycobacterium_tuberculosis__13/SAMN09756283.fa
5	./mycobacterium_tuberculosis__13/SAMN09756284.fa
5	./mycobacterium_tuberculosis__13/SAMN09756285.fa
6	./mycobacterium_tuberculosis__13/SAMN09756286.fa
5	./mycobacterium_tuberculosis__13/SAMN09756287.fa
5	./mycobacterium_tuberculosis__13/SAMN09756288.fa
5	./mycobacterium_tuberculosis__13/SAMN09756289.fa
5	./mycobacterium_tuberculosis__13/SAMN09756290.fa
5	./mycobacterium_tuberculosis__13/SAMN09756291.fa
5	./mycobacterium_tuberculosis__13/SAMN09756292.fa
5	./mycobacterium_tuberculosis__13/SAMN09756294.fa
5	./mycobacterium_tuberculosis__13/SAMN09756295.fa
5	./mycobacterium_tuberculosis__13/SAMN09756296.fa
5	./mycobacterium_tuberculosis__13/SAMN09756297.fa
5	./mycobacterium_tuberculosis__13/SAMN09756298.fa
5	./mycobacterium_tuberculosis__13/SAMN09756299.fa
5	./mycobacterium_tuberculosis__13/SAMN09756300.fa
5	./mycobacterium_tuberculosis__13/SAMN09756301.fa
5	./mycobacterium_tuberculosis__13/SAMN09756302.fa
5	./mycobacterium_tuberculosis__13/SAMN09756303.fa
5	./mycobacterium_tuberculosis__13/SAMN09756304.fa
5	./mycobacterium_tuberculosis__13/SAMN09756305.fa
5	./mycobacterium_tuberculosis__13/SAMN09756306.fa
5	./mycobacterium_tuberculosis__13/SAMN09756307.fa
5	./mycobacterium_tuberculosis__13/SAMN09756308.fa
5	./mycobacterium_tuberculosis__13/SAMN09756309.fa
7	./mycobacterium_tuberculosis__13/SAMN09756310.fa
5	./mycobacterium_tuberculosis__13/SAMN09756311.fa
5	./mycobacterium_tuberculosis__13/SAMN09756312.fa
5	./mycobacterium_tuberculosis__13/SAMN09756313.fa
5	./mycobacterium_tuberculosis__13/SAMN09756314.fa
5	./mycobacterium_tuberculosis__13/SAMN09756315.fa
5	./mycobacterium_tuberculosis__13/SAMN09756316.fa
5	./mycobacterium_tuberculosis__13/SAMN09756317.fa
5	./mycobacterium_tuberculosis__13/SAMN09756318.fa
5	./mycobacterium_tuberculosis__13/SAMN09756319.fa
5	./mycobacterium_tuberculosis__13/SAMN09756320.fa
5	./mycobacterium_tuberculosis__13/SAMN09756321.fa
5	./mycobacterium_tuberculosis__13/SAMN09756322.fa
5	./mycobacterium_tuberculosis__13/SAMN09756323.fa
5	./mycobacterium_tuberculosis__13/SAMN09756324.fa
5	./mycobacterium_tuberculosis__13/SAMN09756325.fa
5	./mycobacterium_tuberculosis__13/SAMN09756326.fa
5	./mycobacterium_tuberculosis__13/SAMN09756327.fa
5	./mycobacterium_tuberculosis__13/SAMN09756328.fa
5	./mycobacterium_tuberculosis__13/SAMN09756329.fa
5	./mycobacterium_tuberculosis__13/SAMN09756330.fa
5	./mycobacterium_tuberculosis__13/SAMN09756331.fa
5	./mycobacterium_tuberculosis__13/SAMN09756332.fa
5	./mycobacterium_tuberculosis__13/SAMN09756333.fa
5	./mycobacterium_tuberculosis__13/SAMN09756334.fa
5	./mycobacterium_tuberculosis__13/SAMN09756335.fa
5	./mycobacterium_tuberculosis__13/SAMN09756336.fa
8	./mycobacterium_tuberculosis__13/SAMN09756337.fa
5	./mycobacterium_tuberculosis__13/SAMN09756338.fa
5	./mycobacterium_tuberculosis__13/SAMN09756339.fa
5	./mycobacterium_tuberculosis__13/SAMN09756340.fa
5	./mycobacterium_tuberculosis__13/SAMN09867613.fa
5	./mycobacterium_tuberculosis__13/SAMN09867615.fa
7	./mycobacterium_tuberculosis__13/SAMN09867616.fa
7	./mycobacterium_tuberculosis__13/SAMN09867619.fa
11	./mycobacterium_tuberculosis__13/SAMN09867620.fa
5	./mycobacterium_tuberculosis__13/SAMN09867622.fa
15	./mycobacterium_tuberculosis__13/SAMN09867625.fa
5	./mycobacterium_tuberculosis__13/SAMN09867626.fa
9	./mycobacterium_tuberculosis__13/SAMN09867627.fa
5	./mycobacterium_tuberculosis__13/SAMN09867628.fa
5	./mycobacterium_tuberculosis__13/SAMN09867629.fa
6	./mycobacterium_tuberculosis__13/SAMN09867630.fa
5	./mycobacterium_tuberculosis__13/SAMN09867631.fa
5	./mycobacterium_tuberculosis__13/SAMN09867633.fa
5	./mycobacterium_tuberculosis__13/SAMN09867635.fa
15	./mycobacterium_tuberculosis__13/SAMN09867636.fa
5	./mycobacterium_tuberculosis__13/SAMN09867639.fa
13	./mycobacterium_tuberculosis__13/SAMN09867640.fa
15	./mycobacterium_tuberculosis__13/SAMN09867641.fa
12	./mycobacterium_tuberculosis__13/SAMN09867642.fa
12	./mycobacterium_tuberculosis__13/SAMN09867643.fa
16	./mycobacterium_tuberculosis__13/SAMN09867644.fa
5	./mycobacterium_tuberculosis__13/SAMN09867647.fa
8	./mycobacterium_tuberculosis__13/SAMN09867648.fa
5	./mycobacterium_tuberculosis__13/SAMN09867649.fa
8	./mycobacterium_tuberculosis__13/SAMN09867651.fa
14	./mycobacterium_tuberculosis__13/SAMN09867652.fa
7	./mycobacterium_tuberculosis__13/SAMN09867653.fa
14	./mycobacterium_tuberculosis__13/SAMN09867655.fa
12	./mycobacterium_tuberculosis__13/SAMN09867656.fa
5	./mycobacterium_tuberculosis__13/SAMN09867657.fa
5	./mycobacterium_tuberculosis__13/SAMN09867659.fa
5	./mycobacterium_tuberculosis__13/SAMN09867660.fa
5	./mycobacterium_tuberculosis__13/SAMN09867661.fa
7	./mycobacterium_tuberculosis__13/SAMN09867662.fa
8	./mycobacterium_tuberculosis__13/SAMN09867663.fa
5	./mycobacterium_tuberculosis__13/SAMN09867664.fa
8	./mycobacterium_tuberculosis__13/SAMN09867665.fa
5	./mycobacterium_tuberculosis__13/SAMN09867666.fa
8	./mycobacterium_tuberculosis__13/SAMN09867667.fa
5	./mycobacterium_tuberculosis__13/SAMN09867668.fa
5	./mycobacterium_tuberculosis__13/SAMN09867669.fa
5	./mycobacterium_tuberculosis__13/SAMN09867670.fa
15	./mycobacterium_tuberculosis__13/SAMN09867672.fa
9	./mycobacterium_tuberculosis__13/SAMN09867673.fa
5	./mycobacterium_tuberculosis__13/SAMN09867674.fa
6	./mycobacterium_tuberculosis__13/SAMN09867675.fa
9	./mycobacterium_tuberculosis__13/SAMN09867676.fa
5	./mycobacterium_tuberculosis__13/SAMN09867677.fa
5	./mycobacterium_tuberculosis__13/SAMN09867678.fa
5	./mycobacterium_tuberculosis__13/SAMN09867679.fa
5	./mycobacterium_tuberculosis__13/SAMN09867680.fa
5	./mycobacterium_tuberculosis__13/SAMN09867681.fa
5	./mycobacterium_tuberculosis__13/SAMN09867683.fa
5	./mycobacterium_tuberculosis__13/SAMN09867684.fa
5	./mycobacterium_tuberculosis__13/SAMN09867685.fa
7	./mycobacterium_tuberculosis__13/SAMN09867686.fa
5	./mycobacterium_tuberculosis__13/SAMN09867687.fa
9	./mycobacterium_tuberculosis__13/SAMN09867688.fa
5	./mycobacterium_tuberculosis__13/SAMN09867689.fa
5	./mycobacterium_tuberculosis__13/SAMN09867690.fa
5	./mycobacterium_tuberculosis__13/SAMN09914614.fa
5	./mycobacterium_tuberculosis__13/SAMN09914615.fa
5	./mycobacterium_tuberculosis__13/SAMN09914616.fa
5	./mycobacterium_tuberculosis__13/SAMN09914617.fa
5	./mycobacterium_tuberculosis__13/SAMN09914618.fa
5	./mycobacterium_tuberculosis__13/SAMN09914619.fa
9	./mycobacterium_tuberculosis__13/SAMN09914620.fa
5	./mycobacterium_tuberculosis__13/SAMN09914621.fa
5	./mycobacterium_tuberculosis__13/SAMN09914622.fa
5	./mycobacterium_tuberculosis__13/SAMN09914623.fa
5	./mycobacterium_tuberculosis__13/SAMN09914624.fa
5	./mycobacterium_tuberculosis__13/SAMN09914625.fa
5	./mycobacterium_tuberculosis__13/SAMN09914626.fa
5	./mycobacterium_tuberculosis__13/SAMN09914627.fa
5	./mycobacterium_tuberculosis__13/SAMN09914628.fa
5	./mycobacterium_tuberculosis__13/SAMN09914629.fa
5	./mycobacterium_tuberculosis__13/SAMN09914630.fa
5	./mycobacterium_tuberculosis__13/SAMN09914631.fa
5	./mycobacterium_tuberculosis__13/SAMN09914632.fa
5	./mycobacterium_tuberculosis__13/SAMN09914633.fa
5	./mycobacterium_tuberculosis__13/SAMN09914634.fa
5	./mycobacterium_tuberculosis__13/SAMN09914635.fa
5	./mycobacterium_tuberculosis__13/SAMN09914636.fa
5	./mycobacterium_tuberculosis__13/SAMN09914637.fa
5	./mycobacterium_tuberculosis__13/SAMN09914638.fa
5	./mycobacterium_tuberculosis__13/SAMN09914639.fa
5	./mycobacterium_tuberculosis__13/SAMN09914640.fa
5	./mycobacterium_tuberculosis__13/SAMN09914641.fa
5	./mycobacterium_tuberculosis__13/SAMN09914642.fa
5	./mycobacterium_tuberculosis__13/SAMN09914643.fa
5	./mycobacterium_tuberculosis__13/SAMN09914644.fa
5	./mycobacterium_tuberculosis__13/SAMN09914645.fa
5	./mycobacterium_tuberculosis__13/SAMN09914646.fa
5	./mycobacterium_tuberculosis__13/SAMN09914647.fa
5	./mycobacterium_tuberculosis__13/SAMN09914648.fa
5	./mycobacterium_tuberculosis__13/SAMN09914649.fa
5	./mycobacterium_tuberculosis__13/SAMN09914650.fa
5	./mycobacterium_tuberculosis__13/SAMN09914651.fa
5	./mycobacterium_tuberculosis__13/SAMN09914652.fa
5	./mycobacterium_tuberculosis__13/SAMN09914653.fa
5	./mycobacterium_tuberculosis__13/SAMN09914654.fa
5	./mycobacterium_tuberculosis__13/SAMN09914655.fa
5	./mycobacterium_tuberculosis__13/SAMN09914656.fa
5	./mycobacterium_tuberculosis__13/SAMN09914657.fa
5	./mycobacterium_tuberculosis__13/SAMN09914658.fa
5	./mycobacterium_tuberculosis__13/SAMN09914659.fa
5	./mycobacterium_tuberculosis__13/SAMN09914660.fa
5	./mycobacterium_tuberculosis__13/SAMN09914661.fa
5	./mycobacterium_tuberculosis__13/SAMN09914662.fa
5	./mycobacterium_tuberculosis__13/SAMN09914663.fa
5	./mycobacterium_tuberculosis__13/SAMN09914664.fa
5	./mycobacterium_tuberculosis__13/SAMN09914665.fa
5	./mycobacterium_tuberculosis__13/SAMN09914666.fa
5	./mycobacterium_tuberculosis__13/SAMN09914667.fa
5	./mycobacterium_tuberculosis__13/SAMN09914668.fa
5	./mycobacterium_tuberculosis__13/SAMN09914669.fa
5	./mycobacterium_tuberculosis__13/SAMN09914670.fa
5	./mycobacterium_tuberculosis__13/SAMN09914671.fa
5	./mycobacterium_tuberculosis__13/SAMN09914672.fa
5	./mycobacterium_tuberculosis__13/SAMN09914673.fa
5	./mycobacterium_tuberculosis__13/SAMN09914674.fa
7	./mycobacterium_tuberculosis__13/SAMN09914675.fa
7	./mycobacterium_tuberculosis__13/SAMN09914676.fa
7	./mycobacterium_tuberculosis__13/SAMN09914677.fa
7	./mycobacterium_tuberculosis__13/SAMN09914678.fa
5	./mycobacterium_tuberculosis__13/SAMN09914679.fa
5	./mycobacterium_tuberculosis__13/SAMN09914680.fa
5	./mycobacterium_tuberculosis__13/SAMN09914681.fa
5	./mycobacterium_tuberculosis__13/SAMN09914682.fa
5	./mycobacterium_tuberculosis__13/SAMN09914683.fa
7	./mycobacterium_tuberculosis__13/SAMN09914684.fa
5	./mycobacterium_tuberculosis__13/SAMN09914685.fa
5	./mycobacterium_tuberculosis__13/SAMN09914686.fa
5	./mycobacterium_tuberculosis__13/SAMN09914687.fa
5	./mycobacterium_tuberculosis__13/SAMN09914688.fa
5	./mycobacterium_tuberculosis__13/SAMN09914689.fa
7	./mycobacterium_tuberculosis__13/SAMN09914690.fa
5	./mycobacterium_tuberculosis__13/SAMN09914691.fa
7	./mycobacterium_tuberculosis__13/SAMN09914692.fa
5	./mycobacterium_tuberculosis__13/SAMN09914693.fa
5	./mycobacterium_tuberculosis__13/SAMN09914694.fa
5	./mycobacterium_tuberculosis__13/SAMN09914695.fa
5	./mycobacterium_tuberculosis__13/SAMN09914696.fa
5	./mycobacterium_tuberculosis__13/SAMN09914697.fa
7	./mycobacterium_tuberculosis__13/SAMN09914698.fa
5	./mycobacterium_tuberculosis__13/SAMN09914699.fa
5	./mycobacterium_tuberculosis__13/SAMN09914700.fa
5	./mycobacterium_tuberculosis__13/SAMN09914701.fa
5	./mycobacterium_tuberculosis__13/SAMN09914703.fa
8	./mycobacterium_tuberculosis__13/SAMN09914704.fa
5	./mycobacterium_tuberculosis__13/SAMN09914705.fa
5	./mycobacterium_tuberculosis__13/SAMN09914706.fa
5	./mycobacterium_tuberculosis__13/SAMN09914707.fa
5	./mycobacterium_tuberculosis__13/SAMN09914708.fa
5	./mycobacterium_tuberculosis__13/SAMN09914710.fa
5	./mycobacterium_tuberculosis__13/SAMN09914711.fa
5	./mycobacterium_tuberculosis__13/SAMN09914712.fa
5	./mycobacterium_tuberculosis__13/SAMN09914713.fa
5	./mycobacterium_tuberculosis__13/SAMN09914714.fa
5	./mycobacterium_tuberculosis__13/SAMN09914715.fa
5	./mycobacterium_tuberculosis__13/SAMN09914716.fa
5	./mycobacterium_tuberculosis__13/SAMN09914717.fa
5	./mycobacterium_tuberculosis__13/SAMN09914718.fa
5	./mycobacterium_tuberculosis__13/SAMN09914720.fa
5	./mycobacterium_tuberculosis__13/SAMN09914721.fa
5	./mycobacterium_tuberculosis__13/SAMN09914723.fa
5	./mycobacterium_tuberculosis__13/SAMN09914724.fa
5	./mycobacterium_tuberculosis__13/SAMN09914725.fa
5	./mycobacterium_tuberculosis__13/SAMN09914726.fa
5	./mycobacterium_tuberculosis__13/SAMN09914727.fa
5	./mycobacterium_tuberculosis__13/SAMN09914729.fa
5	./mycobacterium_tuberculosis__13/SAMN09914730.fa
5	./mycobacterium_tuberculosis__13/SAMN09914731.fa
5	./mycobacterium_tuberculosis__13/SAMN09914732.fa
5	./mycobacterium_tuberculosis__13/SAMN09914733.fa
5	./mycobacterium_tuberculosis__13/SAMN09914734.fa
5	./mycobacterium_tuberculosis__13/SAMN09914735.fa
5	./mycobacterium_tuberculosis__13/SAMN09914736.fa
5	./mycobacterium_tuberculosis__13/SAMN09914737.fa
5	./mycobacterium_tuberculosis__13/SAMN09914738.fa
5	./mycobacterium_tuberculosis__13/SAMN09914739.fa
5	./mycobacterium_tuberculosis__13/SAMN09914740.fa
5	./mycobacterium_tuberculosis__13/SAMN09914741.fa
14	./mycobacterium_tuberculosis__13/SAMN09932607.fa
5	./mycobacterium_tuberculosis__13/SAMN09932755.fa
5	./mycobacterium_tuberculosis__13/SAMN09932949.fa
5	./mycobacterium_tuberculosis__13/SAMN09933014.fa
5	./mycobacterium_tuberculosis__13/SAMN09951156.fa
5	./mycobacterium_tuberculosis__13/SAMN09951157.fa
5	./mycobacterium_tuberculosis__13/SAMN09951158.fa
5	./mycobacterium_tuberculosis__13/SAMN09951159.fa
5	./mycobacterium_tuberculosis__13/SAMN09951160.fa
5	./mycobacterium_tuberculosis__13/SAMN09951161.fa
5	./mycobacterium_tuberculosis__13/SAMN09951162.fa
5	./mycobacterium_tuberculosis__13/SAMN09951163.fa
5	./mycobacterium_tuberculosis__13/SAMN09951164.fa
5	./mycobacterium_tuberculosis__13/SAMN09951165.fa
5	./mycobacterium_tuberculosis__13/SAMN09951166.fa
5	./mycobacterium_tuberculosis__13/SAMN09951167.fa
5	./mycobacterium_tuberculosis__13/SAMN09951168.fa
5	./mycobacterium_tuberculosis__13/SAMN09951169.fa
5	./mycobacterium_tuberculosis__13/SAMN09951170.fa
5	./mycobacterium_tuberculosis__13/SAMN09951171.fa
5	./mycobacterium_tuberculosis__13/SAMN09951172.fa
5	./mycobacterium_tuberculosis__13/SAMN09951173.fa
5	./mycobacterium_tuberculosis__13/SAMN09951174.fa
5	./mycobacterium_tuberculosis__13/SAMN09951175.fa
5	./mycobacterium_tuberculosis__13/SAMN09951370.fa
5	./mycobacterium_tuberculosis__13/SAMN09951371.fa
5	./mycobacterium_tuberculosis__13/SAMN09951372.fa
5	./mycobacterium_tuberculosis__13/SAMN09951373.fa
5	./mycobacterium_tuberculosis__13/SAMN09951374.fa
5	./mycobacterium_tuberculosis__13/SAMN09984781.fa
5	./mycobacterium_tuberculosis__13/SAMN09984782.fa
5	./mycobacterium_tuberculosis__13/SAMN09984783.fa
5	./mycobacterium_tuberculosis__13/SAMN09984784.fa
5	./mycobacterium_tuberculosis__13/SAMN09984785.fa
5	./mycobacterium_tuberculosis__13/SAMN09984786.fa
5	./mycobacterium_tuberculosis__13/SAMN09985051.fa
5	./mycobacterium_tuberculosis__13/SAMN09985052.fa
5	./mycobacterium_tuberculosis__13/SAMN09985053.fa
5	./mycobacterium_tuberculosis__13/SAMN09985054.fa
5	./mycobacterium_tuberculosis__13/SAMN10059836.fa
5	./mycobacterium_tuberculosis__13/SAMN10059838.fa
5	./mycobacterium_tuberculosis__13/SAMN10060523.fa
5	./mycobacterium_tuberculosis__13/SAMN10060524.fa
5	./mycobacterium_tuberculosis__13/SAMN10060525.fa
5	./mycobacterium_tuberculosis__13/SAMN10060526.fa
5	./mycobacterium_tuberculosis__13/SAMN10060527.fa
5	./mycobacterium_tuberculosis__13/SAMN10060528.fa
5	./mycobacterium_tuberculosis__13/SAMN10060529.fa
5	./mycobacterium_tuberculosis__13/SAMN10060530.fa
5	./mycobacterium_tuberculosis__13/SAMN10060531.fa
5	./mycobacterium_tuberculosis__13/SAMN10060532.fa
5	./mycobacterium_tuberculosis__13/SAMN10060533.fa
5	./mycobacterium_tuberculosis__13/SAMN10060534.fa
5	./mycobacterium_tuberculosis__13/SAMN10060535.fa
5	./mycobacterium_tuberculosis__13/SAMN10060536.fa
5	./mycobacterium_tuberculosis__13/SAMN10060537.fa
5	./mycobacterium_tuberculosis__13/SAMN10060538.fa
5	./mycobacterium_tuberculosis__13/SAMN10060539.fa
5	./mycobacterium_tuberculosis__13/SAMN10060540.fa
5	./mycobacterium_tuberculosis__13/SAMN10060541.fa
5	./mycobacterium_tuberculosis__13/SAMN10060542.fa
5	./mycobacterium_tuberculosis__13/SAMN10060545.fa
5	./mycobacterium_tuberculosis__13/SAMN10060546.fa
5	./mycobacterium_tuberculosis__13/SAMN10095252.fa
5	./mycobacterium_tuberculosis__13/SAMN10120074.fa
5	./mycobacterium_tuberculosis__13/SAMN10120075.fa
5	./mycobacterium_tuberculosis__13/SAMN10120076.fa
5	./mycobacterium_tuberculosis__13/SAMN10120077.fa
5	./mycobacterium_tuberculosis__13/SAMN10120078.fa
10	./mycobacterium_tuberculosis__13/SAMN10120079.fa
5	./mycobacterium_tuberculosis__13/SAMN10120080.fa
5	./mycobacterium_tuberculosis__13/SAMN10120081.fa
5	./mycobacterium_tuberculosis__13/SAMN10120082.fa
5	./mycobacterium_tuberculosis__13/SAMN10120083.fa
5	./mycobacterium_tuberculosis__13/SAMN10120084.fa
5	./mycobacterium_tuberculosis__13/SAMN10120085.fa
5	./mycobacterium_tuberculosis__13/SAMN10120086.fa
11	./mycobacterium_tuberculosis__13/SAMN10120087.fa
5	./mycobacterium_tuberculosis__13/SAMN10120088.fa
5	./mycobacterium_tuberculosis__13/SAMN10185845.fa
5	./mycobacterium_tuberculosis__13/SAMN10185846.fa
5	./mycobacterium_tuberculosis__13/SAMN10185847.fa
5	./mycobacterium_tuberculosis__13/SAMN10254813.fa
5	./mycobacterium_tuberculosis__13/SAMN10254814.fa
5	./mycobacterium_tuberculosis__13/SAMN10254816.fa
5	./mycobacterium_tuberculosis__13/SAMN10254817.fa
5	./mycobacterium_tuberculosis__13/SAMN10254818.fa
5	./mycobacterium_tuberculosis__13/SAMN10254820.fa
5	./mycobacterium_tuberculosis__13/SAMN10254821.fa
5	./mycobacterium_tuberculosis__13/SAMN10254822.fa
5	./mycobacterium_tuberculosis__13/SAMN10254823.fa
5	./mycobacterium_tuberculosis__13/SAMN10254824.fa
5	./mycobacterium_tuberculosis__13/SAMN10254825.fa
5	./mycobacterium_tuberculosis__13/SAMN10254826.fa
5	./mycobacterium_tuberculosis__13/SAMN10254829.fa
5	./mycobacterium_tuberculosis__13/SAMN10254830.fa
5	./mycobacterium_tuberculosis__13/SAMN10254831.fa
5	./mycobacterium_tuberculosis__13/SAMN10254832.fa
5	./mycobacterium_tuberculosis__13/SAMN10254833.fa
5	./mycobacterium_tuberculosis__13/SAMN10254834.fa
5	./mycobacterium_tuberculosis__13/SAMN10254835.fa
5	./mycobacterium_tuberculosis__13/SAMN10254836.fa
5	./mycobacterium_tuberculosis__13/SAMN10254837.fa
5	./mycobacterium_tuberculosis__13/SAMN10254839.fa
5	./mycobacterium_tuberculosis__13/SAMN10254840.fa
5	./mycobacterium_tuberculosis__13/SAMN10254841.fa
5	./mycobacterium_tuberculosis__13/SAMN10254842.fa
5	./mycobacterium_tuberculosis__13/SAMN10254843.fa
5	./mycobacterium_tuberculosis__13/SAMN10254844.fa
5	./mycobacterium_tuberculosis__13/SAMN10254845.fa
5	./mycobacterium_tuberculosis__13/SAMN10254846.fa
5	./mycobacterium_tuberculosis__13/SAMN10254847.fa
5	./mycobacterium_tuberculosis__13/SAMN10254848.fa
5	./mycobacterium_tuberculosis__13/SAMN10254850.fa
5	./mycobacterium_tuberculosis__13/SAMN10254851.fa
5	./mycobacterium_tuberculosis__13/SAMN10254853.fa
5	./mycobacterium_tuberculosis__13/SAMN10254854.fa
5	./mycobacterium_tuberculosis__13/SAMN10254855.fa
5	./mycobacterium_tuberculosis__13/SAMN10254856.fa
5	./mycobacterium_tuberculosis__13/SAMN10254857.fa
5	./mycobacterium_tuberculosis__13/SAMN10254858.fa
5	./mycobacterium_tuberculosis__13/SAMN10254859.fa
5	./mycobacterium_tuberculosis__13/SAMN10254860.fa
5	./mycobacterium_tuberculosis__13/SAMN10254861.fa
5	./mycobacterium_tuberculosis__13/SAMN10254862.fa
5	./mycobacterium_tuberculosis__13/SAMN10254863.fa
5	./mycobacterium_tuberculosis__13/SAMN10254864.fa
5	./mycobacterium_tuberculosis__13/SAMN10254865.fa
5	./mycobacterium_tuberculosis__13/SAMN10254866.fa
5	./mycobacterium_tuberculosis__13/SAMN10254867.fa
5	./mycobacterium_tuberculosis__13/SAMN10254868.fa
5	./mycobacterium_tuberculosis__13/SAMN10254869.fa
5	./mycobacterium_tuberculosis__13/SAMN10254870.fa
5	./mycobacterium_tuberculosis__13/SAMN10254871.fa
5	./mycobacterium_tuberculosis__13/SAMN10254872.fa
5	./mycobacterium_tuberculosis__13/SAMN10254873.fa
5	./mycobacterium_tuberculosis__13/SAMN10254874.fa
5	./mycobacterium_tuberculosis__13/SAMN10254876.fa
5	./mycobacterium_tuberculosis__13/SAMN10254877.fa
5	./mycobacterium_tuberculosis__13/SAMN10254878.fa
5	./mycobacterium_tuberculosis__13/SAMN10254879.fa
5	./mycobacterium_tuberculosis__13/SAMN10254880.fa
5	./mycobacterium_tuberculosis__13/SAMN10254881.fa
5	./mycobacterium_tuberculosis__13/SAMN10254882.fa
5	./mycobacterium_tuberculosis__13/SAMN10254884.fa
5	./mycobacterium_tuberculosis__13/SAMN10254885.fa
5	./mycobacterium_tuberculosis__13/SAMN10254886.fa
5	./mycobacterium_tuberculosis__13/SAMN10254887.fa
5	./mycobacterium_tuberculosis__13/SAMN10254888.fa
5	./mycobacterium_tuberculosis__13/SAMN10254889.fa
5	./mycobacterium_tuberculosis__13/SAMN10254890.fa
5	./mycobacterium_tuberculosis__13/SAMN10254891.fa
5	./mycobacterium_tuberculosis__13/SAMN10254892.fa
5	./mycobacterium_tuberculosis__13/SAMN10254893.fa
5	./mycobacterium_tuberculosis__13/SAMN10278076.fa
5	./mycobacterium_tuberculosis__13/SAMN10279424.fa
3303	total
